vin,avg_battery,battery_std,min_battery,max_battery,total_records,avg_latitude,avg_longitude
MD9EMCDL24F217385,67.76,33.54,3.0,100.0,143,27.25,77.86
MD9EMCDL24G217002,77.23,19.76,41.0,100.0,169,12.92,80.19
MD9EMCDL24G217006,61.96,24.85,16.0,100.0,164,28.53,77.43
MD9EMCDL24G217010,60.46,33.95,2.0,100.0,100,28.23,76.95
MD9EMCDL24G217011,59.51,27.45,0.63,100.0,170,2173.9,75.84
MD9EMCDL24G217012,72.13,24.48,15.62,100.0,140,22.73,75.81
MD9EMCDL24G217014,73.08,30.15,4.82,99.99,182,28.53,77.53
MD9EMCDL24H217004,79.68,26.04,4.61,100.0,158,28.54,77.43
MD9EMCDL24H217005,80.15,18.32,13.48,100.0,130,28.45,77.57
MD9EMCDL24H217017,65.53,29.64,0.0,100.0,112,28.56,77.39
MD9EMCDL24H217021,73.82,27.92,11.26,100.0,164,28.54,77.42
MD9EMCDL24H217022,68.55,31.35,3.32,100.0,104,28.62,77.39
MD9EMCDL24H217036,69.74,24.63,13.0,100.0,98,28.44,77.01
MD9EMCDL24H217051,72.75,26.52,11.0,100.0,181,28.36,77.55
MD9EMCDL24J217024,69.43,30.64,8.0,100.0,164,28.63,77.38
MD9EMHDL22E217012,80.9,18.91,47.82,100.0,192,17.49,78.43
MD9EMHDL22E217034,51.45,0.0,51.45,51.45,4,13.03,77.67
MD9EMHDL22E217035,91.33,18.44,33.46,100.0,65,13.03,77.62
MD9EMHDL22E217036,95.02,311.64,27.78,3261.65,192,12.97,77.5
MD9EMHDL22E217037,61.91,29.76,24.83,100.0,120,17.46,78.58
MD9EMHDL22E217059,54.76,26.64,20.05,96.9,192,17.43,78.49
MD9EMHDL22E217060,70.11,0.0,70.11,70.11,4,17.53,78.29
MD9EMHDL22E217062,87.66,0.0,87.66,87.66,4,17.46,78.61
MD9EMHDL22E217063,27.17,13.14,4.06,51.45,188,17.49,78.45
MD9EMHDL22F217023,132.64,628.08,17.75,8786.32,192,12.94,77.55
MD9EMHDL22J217005,95.02,0.0,95.02,95.02,192,12.96,77.59
MD9EMHDL22J217010,90.14,16.68,9.36,100.0,185,28.5,77.03
MD9EMHDL22J217024,66.23,27.86,0.0,100.0,192,28.66,77.13
MD9EMHDL22J217049,77.05,10.16,59.61,100.0,184,12.91,77.44
MD9EMHDL22K217018,77.54,22.23,13.5,100.0,189,28.66,77.12
MD9EMHDL22K217019,75.87,33.94,8.79,100.0,192,28.6,77.14
MD9EMHDL22K217038,88.35,19.71,23.02,100.0,192,28.62,77.3
MD9EMHDL22K217046,65.8,22.42,30.29,99.13,192,28.64,77.06
MD9EMHDL22L217006,40.35,0.0,40.35,40.35,4,28.58,77.16
MD9EMHDL22L217015,93.17,12.15,41.18,100.0,188,17.55,78.4
MD9EMHDL23A217057,63.74,31.12,8.57,99.98,174,28.7,77.12
MD9EMHDL23A217070,110.35,310.53,16.31,3942.31,155,28.6,77.26
MD9EMHDL23A217078,114.37,350.89,19.12,4094.03,131,28.61,77.12
MD9EMHDL23A217082,30.91,1.14,29.8,32.69,95,28.61,77.29
MD9EMHDL23A217086,88.42,17.4,31.06,100.0,157,28.64,77.27
MD9EMHDL23A217090,76.67,22.01,12.22,100.0,168,28.6,77.0
MD9EMHDL23A217113,46.68,26.87,21.73,89.15,101,28.63,77.01
MD9EMHDL23A217155,70.7,13.9,46.26,99.24,132,12.83,77.65
MD9EMHDL23A217158,96.7,0.0,96.7,96.7,4,12.9,80.14
MD9EMHDL23B217021,95.14,0.0,95.14,95.14,4,28.53,77.28
MD9EMHDL23B217046,78.96,17.89,47.11,100.0,190,13.03,77.62
MD9EMHDL23B217049,83.98,13.32,47.81,100.0,158,17.19,78.65
MD9EMHDL23B217050,77.45,22.94,40.42,94.8,67,17.56,78.43
MD9EMHDL23B217052,93.9,1.49,93.07,98.62,112,18.62,73.75
MD9EMHDL23B217053,79.43,23.4,25.07,100.0,191,23.08,72.6
MD9EMHDL23B217063,80.28,19.53,20.26,100.0,173,12.88,80.2
MD9EMHDL23B217094,93.8,6.95,70.55,97.72,137,12.93,80.16
MD9EMHDL23B217097,80.43,0.0,80.43,80.43,4,12.97,77.58
MD9EMHDL23B217104,0.0,0.0,0.0,0.0,4,12.98,77.71
MD9EMHDL23B217109,96.4,0.18,96.02,96.71,125,12.94,80.21
MD9EMHDL23B217115,68.36,21.13,25.2,100.0,156,12.92,80.12
MD9EMHDL23B217119,69.89,25.73,11.2,100.0,165,28.6,77.22
MD9EMHDL23B217121,33.11,6.78,16.79,42.88,107,28.51,77.18
MD9EMHDL23B217124,96.38,0.0,96.38,96.38,4,28.58,77.37
MD9EMHDL23B217125,78.4,28.15,2.62,100.0,152,28.6,77.02
MD9EMHDL23B217128,73.54,26.2,12.38,100.0,160,28.69,77.18
MD9EMHDL23B217131,73.48,30.32,0.34,100.0,158,28.57,77.05
MD9EMHDL23B217134,73.1,33.39,2.75,98.94,118,28.67,77.07
MD9EMHDL23B217138,93.44,11.54,64.35,100.0,189,28.61,77.13
MD9EMHDL23B217141,55.71,0.0,55.71,55.71,4,28.41,76.98
MD9EMHDL23B217142,80.92,21.54,19.99,100.0,177,28.77,77.1
MD9EMHDL23B217146,81.3,19.45,30.43,100.0,141,28.64,77.12
MD9EMHDL23B217149,89.49,15.47,25.0,100.0,185,28.69,77.09
MD9EMHDL23B217152,72.11,23.03,30.26,98.79,144,28.69,77.08
MD9EMHDL23B217153,80.03,23.47,16.43,100.0,188,28.72,77.21
MD9EMHDL23B217154,89.07,0.0,89.07,89.07,4,28.64,77.0
MD9EMHDL23B217158,96.82,0.0,96.82,96.82,157,28.66,77.33
MD9EMHDL23B217166,69.83,0.0,69.83,69.83,4,28.54,77.09
MD9EMHDL23B217175,94.94,0.0,94.94,94.94,4,28.52,77.29
MD9EMHDL23B217177,82.49,22.83,6.48,100.0,167,28.72,77.27
MD9EMHDL23B217197,65.78,26.91,14.16,99.44,146,12.96,77.53
MD9EMHDL23B217199,82.81,20.24,25.37,100.0,160,28.61,77.38
MD9EMHDL23B217203,68.67,17.27,53.13,96.36,21,28.55,77.23
MD9EMHDL23B217204,14.42,29.15,0.0,76.65,50,17.49,78.44
MD9EMHDL23B217208,100.0,0.0,100.0,100.0,53,13.09,80.23
MD9EMHDL23B217210,99.54,0.0,99.54,99.54,4,12.96,80.13
MD9EMHDL23B217211,82.09,8.71,29.78,85.63,93,12.94,80.2
MD9EMHDL23B217224,88.34,14.7,55.15,100.0,139,12.92,80.14
MD9EMHDL23B217238,90.44,0.0,90.44,90.44,4,13.04,80.13
MD9EMHDL23B217245,78.45,20.68,15.54,99.04,153,12.93,77.56
MD9EMHDL23B217261,51.82,0.0,51.82,51.82,4,12.94,77.37
MD9EMHDL23C217005,72.15,19.95,34.88,100.0,161,12.93,77.51
MD9EMHDL23C217006,44.22,0.0,44.22,44.22,4,12.7,77.74
MD9EMHDL23C217007,89.81,7.79,69.54,95.64,92,13.08,77.64
MD9EMHDL23C217011,61.23,0.0,61.23,61.23,4,28.66,77.22
MD9EMHDL23C217018,87.13,17.13,37.93,100.0,179,28.67,77.1
MD9EMHDL23C217032,89.4,5.3,86.76,100.0,166,28.62,77.34
MD9EMHDL23C217034,79.66,21.14,41.71,100.0,155,28.61,77.1
MD9EMHDL23C217037,72.34,18.69,18.55,98.8,144,13.0,80.21
MD9EMHDL23C217042,69.82,14.99,29.21,97.15,146,28.73,77.0
MD9EMHDL23C217062,59.7,23.89,27.73,90.35,137,28.66,77.27
MD9EMHDL23C217065,96.73,0.71,95.1,97.36,124,12.96,77.58
MD9EMHDL23C217071,87.28,12.92,48.21,100.0,49,12.95,80.21
MD9EMHDL23C217077,70.78,0.0,70.78,70.78,4,26.57,81.99
MD9EMHDL23C217078,90.48,13.63,62.34,97.39,152,28.67,77.17
MD9EMHDL23C217082,82.19,23.72,2.55,100.0,151,28.6,77.3
MD9EMHDL23C217092,93.36,12.57,54.25,100.0,151,28.54,77.29
MD9EMHDL23C217099,78.67,18.23,40.83,100.0,162,12.8,77.47
MD9EMHDL23C217110,90.67,14.14,30.53,100.0,128,28.73,77.12
MD9EMHDL23C217129,63.04,0.0,63.04,63.04,4,28.53,77.28
MD9EMHDL23C217143,88.76,0.0,88.76,88.76,4,28.68,77.03
MD9EMHDL23C217144,86.68,17.58,24.25,100.0,153,28.5,77.29
MD9EMHDL23C217152,78.48,21.0,41.43,100.0,137,28.54,77.13
MD9EMHDL23C217157,92.94,10.45,61.46,100.0,143,28.48,77.01
MD9EMHDL23C217163,85.08,18.22,17.61,100.0,191,28.56,77.03
MD9EMHDL23C217181,83.99,18.58,29.49,100.0,170,28.49,77.26
MD9EMHDL23C217182,81.35,17.16,31.62,100.0,154,28.74,77.16
MD9EMHDL23C217184,74.46,0.0,74.46,74.46,4,28.53,77.29
MD9EMHDL23C217192,77.06,20.72,16.0,100.0,153,28.6,77.25
MD9EMHDL23C217198,72.13,30.94,0.0,100.0,145,28.68,77.17
MD9EMHDL23C217203,80.41,0.0,80.41,80.41,4,19.22,73.17
MD9EMHDL23C217204,87.32,24.84,5.06,100.0,102,28.78,77.08
MD9EMHDL23C217209,78.07,22.88,27.55,100.0,160,28.6,77.08
MD9EMHDL23C217210,65.99,31.0,7.38,99.58,150,28.43,77.28
MD9EMHDL23C217214,77.69,22.6,26.23,100.0,35,28.52,77.04
MD9EMHDL23C217215,88.4,15.46,39.32,100.0,156,28.62,77.06
MD9EMHDL23C217223,85.24,16.4,1.2,100.0,161,28.47,77.04
MD9EMHDL23C217229,95.37,5.87,84.05,100.0,169,12.93,80.11
MD9EMHDL23C217232,79.21,20.54,9.74,97.88,156,13.24,77.7
MD9EMHDL23C217233,98.94,0.0,98.94,98.94,4,28.67,77.17
MD9EMHDL23C217234,78.62,2.84,75.51,88.34,45,28.75,77.15
MD9EMHDL23C217239,45.57,13.29,21.02,68.85,42,18.81,73.78
MD9EMHDL23C217241,66.66,26.7,18.84,100.0,153,13.06,80.19
MD9EMHDL23C217250,79.43,20.4,32.41,99.63,142,13.02,80.21
MD9EMHDL23C217255,68.45,0.12,68.36,68.6,111,13.02,77.53
MD9EMHDL23C217257,96.29,2.97,86.34,100.0,77,12.97,80.13
MD9EMHDL23C217259,71.8,16.46,50.36,100.0,160,13.06,80.25
MD9EMHDL23C217279,67.71,18.29,12.51,100.0,161,13.01,77.64
MD9EMHDL23C217280,81.17,21.96,1.82,100.0,164,12.97,80.2
MD9EMHDL23C217282,67.49,2.16,64.54,69.63,118,12.67,80.09
MD9EMHDL23C217290,97.17,0.1,97.07,97.38,105,12.84,80.05
MD9EMHDL23C217301,95.8,0.0,95.8,95.8,4,13.07,80.19
MD9EMHDL23D217051,51.97,0.0,51.97,51.97,4,28.38,76.94
MD9EMHDL23D217069,80.8,20.23,18.08,100.0,150,28.37,77.05
MD9EMHDL23D217074,87.59,19.85,7.3,100.0,155,28.62,77.32
MD9EMHDL23D217084,56.09,0.0,56.09,56.09,4,13.02,77.61
MD9EMHDL23D217101,98.3,0.11,98.25,98.84,110,12.91,80.1
MD9EMHDL23D217103,66.84,0.0,66.84,66.84,4,28.72,77.18
MD9EMHDL23D217111,93.95,11.45,50.15,100.0,174,28.63,77.11
MD9EMHDL23D217135,94.54,8.0,65.24,100.0,157,28.47,77.05
MD9EMHDL23D217159,56.16,20.43,19.31,96.64,127,28.44,77.03
MD9EMHDL23D217168,81.75,15.96,67.79,100.0,165,28.62,77.11
MD9EMHDL23D217169,86.97,21.81,6.78,100.0,60,28.46,77.29
MD9EMHDL23D217179,68.68,23.96,43.35,100.0,134,28.48,77.06
MD9EMHDL23D217212,87.8,19.15,22.03,100.0,141,28.69,77.09
MD9EMHDL23D217217,73.19,20.01,37.88,100.0,147,17.4,78.58
MD9EMHDL23D217222,88.01,1.38,87.61,92.75,129,28.52,77.08
MD9EMHDL23D217236,98.86,2.88,78.53,100.0,166,28.66,77.1
MD9EMHDL23D217239,84.62,0.0,84.62,84.62,135,23.25,72.65
MD9EMHDL23D217267,69.68,0.09,69.56,69.87,27,13.03,77.55
MD9EMHDL23D217275,87.84,11.53,56.56,97.96,138,12.83,80.05
MD9EMHDL23D217278,80.81,26.61,5.27,100.0,146,28.54,77.26
MD9EMHDL23D217280,78.82,14.42,38.3,99.12,65,18.54,73.77
MD9EMHDL23D217288,85.74,17.88,27.99,100.0,152,12.91,80.19
MD9EMHDL23D217290,56.92,19.0,27.56,99.89,59,13.11,80.01
MD9EMHDL23D217297,62.52,23.32,31.26,98.49,126,12.94,77.62
MD9EMHDL23D217306,81.93,0.0,81.93,81.93,4,12.8,80.02
MD9EMHDL23D217308,3.52,0.18,3.22,3.85,99,12.84,80.05
MD9EMHDL23D217328,61.88,18.87,15.66,86.99,129,19.02,73.04
MD9EMHDL23D217335,98.38,0.02,98.38,98.45,106,12.82,79.91
MD9EMHDL23D217352,75.76,17.41,28.62,100.0,137,18.66,73.91
MD9EMHDL23D217353,49.47,23.15,33.87,97.67,192,17.43,78.49
MD9EMHDL23D217356,84.9,17.97,32.38,100.0,177,23.08,72.6
MD9EMHDL23D217366,80.14,25.55,9.72,100.0,147,28.54,77.26
MD9EMHDL23D217368,87.88,16.39,25.97,100.0,167,12.93,78.95
MD9EMHDL23D217372,93.41,11.03,64.24,99.88,145,13.14,80.27
MD9EMHDL23D217374,80.32,21.61,21.08,100.0,147,13.01,80.14
MD9EMHDL23D217377,97.33,0.0,97.33,97.33,4,28.51,77.32
MD9EMHDL23D217380,93.66,0.0,93.66,93.66,4,12.84,80.05
MD9EMHDL23D217383,68.64,16.09,34.64,91.67,152,12.89,77.63
MD9EMHDL23D217384,80.48,13.92,48.81,96.36,93,12.89,77.62
MD9EMHDL23D217392,99.04,0.0,99.04,99.04,103,28.28,77.3
MD9EMHDL23D217393,78.72,15.83,56.04,100.0,147,12.89,77.63
MD9EMHDL23D217394,85.9,22.01,6.47,100.0,184,28.3,77.3
MD9EMHDL23D217395,80.49,0.27,80.08,80.97,99,12.56,80.12
MD9EMHDL23D217399,83.42,15.25,36.54,98.39,151,1.68,0.02
MD9EMHDL23D217409,95.81,7.5,72.07,100.0,172,13.0,77.66
MD9EMHDL23D217414,75.9,23.38,7.19,100.0,168,12.78,77.79
MD9EMHDL23D217424,2.52,0.0,2.52,2.52,112,13.03,77.55
MD9EMHDL23E217003,76.29,20.57,34.65,100.0,150,12.84,79.95
MD9EMHDL23E217005,49.94,27.54,5.43,100.0,144,28.73,77.19
MD9EMHDL23E217030,71.54,19.8,40.76,96.96,192,28.44,77.3
MD9EMHDL23E217035,67.76,0.0,67.76,67.76,4,28.53,77.22
MD9EMHDL23E217044,81.5,23.86,13.07,100.0,142,28.73,77.17
MD9EMHDL23E217054,82.2,24.94,3.39,100.0,192,28.61,77.36
MD9EMHDL23E217061,76.27,19.8,40.85,98.75,116,18.62,73.8
MD9EMHDL23E217062,49.37,27.26,8.7,99.51,153,28.46,77.01
MD9EMHDL23E217068,100.0,0.0,100.0,100.0,144,17.49,78.41
MD9EMHDL23E217080,77.69,25.88,1.61,100.0,189,13.1,80.24
MD9EMHDL23E217087,65.85,19.95,31.02,96.64,149,19.22,73.16
MD9EMHDL23E217094,96.91,0.01,96.89,96.93,25,12.91,80.18
MD9EMHDL23F217001,80.74,17.82,39.74,100.0,132,28.5,77.3
MD9EMHDL23F217009,96.42,10.65,38.23,100.0,190,13.14,80.2
MD9EMHDL23F217022,71.01,15.23,50.35,100.0,137,12.97,77.52
MD9EMHDL23F217028,93.33,13.26,15.08,100.0,115,12.83,80.05
MD9EMHDL23F217029,77.7,26.39,15.24,100.0,136,19.26,72.96
MD9EMHDL23F217053,64.68,28.56,29.74,100.0,115,13.02,77.55
MD9EMHDL23F217055,82.04,20.23,29.17,100.0,81,13.04,80.14
MD9EMHDL23F217057,83.13,25.63,4.21,100.0,184,28.5,77.06
MD9EMHDL23F217069,78.35,21.11,38.89,100.0,163,28.49,77.01
MD9EMHDL23F217085,83.81,20.17,27.68,100.0,152,23.08,72.55
MD9EMHDL23F217087,70.23,32.06,23.73,90.81,6,24.95,74.02
MD9EMHDL23F217097,100.0,0.0,100.0,100.0,191,28.82,77.12
MD9EMHDL23F217109,76.56,27.56,0.05,100.0,192,28.72,77.19
MD9EMHDL23F217124,84.08,23.88,24.18,100.0,188,28.69,77.12
MD9EMHDL23F217138,85.74,17.49,26.88,100.0,157,28.69,77.31
MD9EMHDL23F217146,82.42,16.84,28.04,100.0,139,17.39,78.47
MD9EMHDL23F217159,100.0,0.0,100.0,100.0,108,17.58,78.41
MD9EMHDL23F217165,75.28,25.92,23.79,100.0,130,12.79,80.02
MD9EMHDL23F217167,24.78,0.05,24.68,24.86,108,17.49,78.44
MD9EMHDL23F217169,62.27,24.15,27.92,100.0,182,19.1,73.0
MD9EMHDL23F217186,79.55,18.24,54.98,100.0,150,17.51,78.45
MD9EMHDL23F217193,2.43,0.01,2.42,2.45,18,17.32,78.46
MD9EMHDL23F217198,66.61,0.0,66.61,66.61,4,17.46,78.56
MD9EMHDL23F217210,54.57,0.0,54.57,54.57,4,13.02,80.12
MD9EMHDL23G217005,73.28,25.54,30.03,100.0,148,17.51,78.4
MD9EMHDL23G217015,69.47,21.3,7.81,98.24,135,17.47,78.36
MD9EMHDL23G217017,78.74,28.94,4.9,100.0,169,28.64,77.05
MD9EMHDL23G217022,97.63,0.0,97.63,97.63,4,17.34,78.53
MD9EMHDL23G217026,24.5,0.62,23.46,25.49,104,17.34,78.56
MD9EMHDL23G217029,91.18,18.15,24.56,100.0,171,28.69,77.07
MD9EMHDL23G217050,23.16,0.0,23.16,23.16,4,28.73,77.28
MD9EMHDL23G217057,83.48,21.32,16.57,100.0,157,28.49,77.03
MD9EMHDL23G217060,77.15,23.07,6.51,100.0,154,28.67,77.15
MD9EMHDL23G217064,92.21,15.19,30.99,100.0,181,28.6,77.28
MD9EMHDL23G217066,65.06,20.71,19.45,98.14,139,28.5,77.1
MD9EMHDL23G217072,73.82,30.43,0.0,100.0,152,28.68,77.16
MD9EMHDL23G217074,73.56,25.77,13.37,100.0,127,28.6,77.1
MD9EMHDL23G217083,95.06,0.99,93.74,96.09,114,28.48,77.05
MD9EMHDL23G217084,89.9,19.46,13.36,100.0,192,28.74,77.04
MD9EMHDL23G217092,82.2,0.0,82.2,82.2,48,28.66,77.07
MD9EMHDL23G217099,87.81,15.39,38.49,100.0,139,13.13,80.18
MD9EMHDL23G217108,68.64,33.36,23.15,94.78,99,28.49,77.07
MD9EMHDL23G217111,71.9,23.07,31.29,98.91,122,12.98,77.53
MD9EMHDL23G217115,68.29,27.36,17.29,100.0,141,28.53,77.22
MD9EMHDL23G217119,82.26,18.24,43.35,100.0,136,13.07,77.53
MD9EMHDL23G217124,32.48,0.0,32.48,32.48,4,12.99,77.51
MD9EMHDL23G217129,76.16,20.36,29.33,100.0,130,14.44,80.0
MD9EMHDL23G217131,70.59,22.02,0.0,100.0,153,28.65,77.25
MD9EMHDL23G217149,70.05,25.06,23.45,100.0,137,28.56,77.26
MD9EMHDL23G217166,71.37,36.06,0.0,100.0,167,28.53,77.28
MD9EMHDL23G217171,87.25,16.08,51.4,100.0,136,28.56,77.26
MD9EMHDL23G217175,81.84,20.72,29.62,100.0,155,28.51,77.19
MD9EMHDL23G217184,86.56,13.25,39.63,100.0,154,13.07,80.23
MD9EMHDL23G217187,69.79,1.67,66.62,71.53,128,23.06,72.64
MD9EMHDL23G217192,21.42,5.22,8.99,32.63,93,28.41,76.89
MD9EMHDL23H217008,89.74,15.02,36.66,100.0,165,28.48,77.32
MD9EMHDL23H217025,63.17,24.41,6.23,99.23,124,28.54,77.27
MD9EMHDL23H217029,35.34,0.0,35.34,35.34,4,28.68,77.29
MD9EMHDL23H217042,80.93,25.71,16.19,100.0,150,22.72,75.93
MD9EMHDL23H217048,85.36,18.23,26.63,100.0,183,23.21,72.64
MD9EMHDL23H217059,82.04,18.79,43.1,100.0,174,28.59,77.07
MD9EMHDL23H217064,83.01,22.86,10.34,100.0,185,28.51,77.11
MD9EMHDL23H217071,93.47,4.84,87.09,100.0,113,28.7,77.18
MD9EMHDL23H217072,85.75,14.08,46.44,100.0,155,22.8,75.91
MD9EMHDL23H217075,60.38,0.0,60.38,60.38,4,10.77,79.61
MD9EMHDL23H217077,100.0,0.0,100.0,100.0,4,28.74,77.31
MD9EMHDL23H217089,82.1,15.88,33.56,100.0,113,28.75,77.25
MD9EMHDL23H217090,69.37,2.97,58.9,73.29,109,28.76,77.21
MD9EMHDL23H217095,97.34,7.06,59.37,100.0,144,28.61,77.01
MD9EMHDL23H217102,89.51,0.0,89.51,89.51,149,28.61,77.32
MD9EMHDL23H217113,46.02,25.84,15.12,100.0,148,17.31,78.44
MD9EMHDL23H217115,88.83,17.02,28.41,100.0,179,28.64,77.13
MD9EMHDL23H217121,56.31,0.1,56.09,56.51,112,13.07,77.47
MD9EMHDL23H217124,83.54,12.73,57.11,100.0,132,28.65,77.09
MD9EMHDL23H217125,73.67,26.5,15.19,100.0,128,12.31,78.21
MD9EMHDL23H217126,83.88,11.47,57.28,100.0,172,18.63,73.78
MD9EMHDL23H217127,69.65,17.48,18.13,100.0,131,13.05,77.52
MD9EMHDL23H217134,86.33,10.79,68.51,100.0,134,28.64,77.42
MD9EMHDL23H217144,84.94,20.19,28.56,100.0,162,28.61,77.07
MD9EMHDL23H217154,89.76,9.15,64.4,100.0,153,17.2,78.65
MD9EMHDL23H217155,73.48,18.92,29.55,100.0,159,12.6,78.53
MD9EMHDL23H217174,98.5,5.29,71.89,100.0,38,13.03,77.62
MD9EMHDL23H217178,74.72,21.03,26.63,100.0,156,12.59,78.52
MD9EMHDL23H217183,78.88,23.75,18.46,100.0,167,28.65,77.45
MD9EMHDL23H217188,79.59,26.63,0.11,100.0,161,28.6,77.03
MD9EMHDL23H217191,74.11,23.73,17.18,100.0,140,12.6,78.49
MD9EMHDL23H217197,68.48,30.03,4.47,100.0,171,19.22,73.02
MD9EMHDL23H217204,60.86,28.33,15.14,100.0,130,13.0,77.54
MD9EMHDL23H217207,92.62,15.51,33.45,100.0,168,28.61,77.32
MD9EMHDL23H217209,90.23,3.95,81.69,94.45,106,13.02,77.59
MD9EMHDL23H217219,86.54,17.53,26.9,100.0,158,12.94,80.16
MD9EMHDL23H217226,93.63,3.52,89.1,97.71,114,17.49,78.47
MD9EMHDL23H217227,97.57,13.26,26.15,100.0,91,16.31,80.46
MD9EMHDL23H217233,75.67,24.41,18.99,100.0,152,23.07,72.57
MD9EMHDL23H217247,81.24,14.71,35.41,100.0,142,17.41,78.56
MD9EMHDL23J217007,79.72,13.31,60.49,95.34,106,28.66,77.15
MD9EMHDL23J217011,78.44,21.88,11.51,100.0,140,12.97,79.96
MD9EMHDL23J217013,82.39,22.24,28.28,100.0,151,28.52,77.3
MD9EMHDL23J217015,38.1,0.0,38.1,38.1,153,21.08,72.89
MD9EMHDL23J217017,83.1,15.36,48.8,100.0,151,17.18,78.65
MD9EMHDL23J217018,78.03,9.04,70.94,95.79,101,17.49,78.37
MD9EMHDL23J217021,68.31,22.55,18.12,100.0,151,28.62,77.1
MD9EMHDL23J217023,84.98,20.28,42.57,100.0,110,28.8,77.08
MD9EMHDL23J217025,74.02,29.88,11.34,100.0,134,28.51,77.3
MD9EMHDL23J217029,93.5,11.65,44.84,100.0,189,28.73,77.2
MD9EMHDL23J217031,77.68,21.48,14.22,100.0,173,14.89,79.39
MD9EMHDL23J217039,69.84,27.73,14.67,100.0,192,17.32,78.42
MD9EMHDL23J217048,78.6,23.25,19.56,100.0,146,28.75,77.2
MD9EMHDL23J217050,44.59,0.0,44.59,44.59,192,28.63,77.04
MD9EMHDL23J217055,82.64,25.14,30.24,100.0,169,13.14,80.29
MD9EMHDL23J217056,84.3,22.32,15.6,100.0,176,28.73,77.15
MD9EMHDL23J217057,82.68,23.37,19.74,100.0,175,28.6,77.32
MD9EMHDL23J217060,83.07,23.58,7.03,100.0,147,28.53,77.31
MD9EMHDL23J217068,47.24,0.0,47.24,47.24,4,22.79,72.96
MD9EMHDL23J217071,62.48,23.08,5.53,99.99,132,28.64,77.11
MD9EMHDL23J217087,64.21,20.63,11.62,100.0,140,13.06,80.18
MD9EMHDL23J217091,86.16,16.29,23.77,100.0,136,17.39,78.57
MD9EMHDL23J217108,64.76,22.61,33.74,100.0,144,13.11,80.19
MD9EMHDL23J217121,86.55,18.62,5.01,100.0,149,28.68,77.07
MD9EMHDL23J217124,74.36,28.65,2.72,100.0,161,28.52,77.26
MD9EMHDL23J217178,84.27,24.06,28.49,100.0,142,28.61,77.1
MD9EMHDL23J217185,89.58,15.69,30.0,100.0,172,28.6,77.4
MD9EMHDL23J217186,91.07,18.21,12.81,100.0,190,28.49,77.29
MD9EMHDL23J217188,85.41,18.01,26.45,100.0,149,28.69,77.07
MD9EMHDL23J217193,90.22,11.34,58.56,100.0,134,28.68,77.17
MD9EMHDL23J217197,93.2,13.87,48.64,100.0,151,28.61,77.11
MD9EMHDL23J217203,67.12,20.38,25.03,99.99,78,28.62,77.25
MD9EMHDL23J217206,60.94,0.0,60.94,60.94,14,28.6,77.24
MD9EMHDL23J217209,80.72,16.69,53.37,100.0,13,28.69,77.03
MD9EMHDL23J217213,86.58,20.72,7.77,100.0,151,28.6,77.12
MD9EMHDL23J217216,77.0,29.11,1.34,100.0,179,28.59,77.07
MD9EMHDL23J217218,95.2,5.83,72.26,100.0,129,28.61,77.03
MD9EMHDL23J217219,58.59,25.4,35.41,81.78,6,28.66,77.2
MD9EMHDL23J217222,65.86,25.85,5.86,100.0,144,17.47,78.35
MD9EMHDL23J217230,85.16,20.68,2.71,100.0,159,28.62,77.09
MD9EMHDL23J217234,88.9,19.03,18.71,100.0,143,28.56,77.04
MD9EMHDL23K217001,81.33,23.98,15.07,100.0,145,12.98,80.24
MD9EMHDL23K217004,78.69,19.41,16.58,100.0,105,12.97,80.14
MD9EMHDL23K217011,92.67,12.69,47.41,100.95,161,13.07,80.18
MD9EMHDL23K217019,100.0,0.0,100.0,100.0,100,28.45,77.14
MD9EMHDL23K217020,80.02,16.71,44.11,100.0,120,28.69,77.13
MD9EMHDL23K217026,76.9,24.25,1.55,100.74,173,28.6,77.13
MD9EMHDL23K217027,25.64,0.0,25.64,25.64,4,21.28,72.95
MD9EMHDL23K217028,77.61,25.51,4.61,100.0,171,28.77,77.18
MD9EMHDL23K217039,99.19,2.07,92.26,100.0,171,28.66,77.07
MD9EMHDL23K217044,85.93,18.41,21.35,100.0,178,28.54,77.29
MD9EMHDL23K217047,95.77,0.0,95.77,95.77,4,19.23,73.16
MD9EMHDL23K217052,52.55,0.0,52.55,52.55,4,28.64,77.04
MD9EMHDL23K217054,36.94,16.61,0.55,49.54,114,17.3,78.43
MD9EMHDL23K217058,79.34,0.0,79.34,79.34,4,19.1,73.01
MD9EMHDL23K217066,75.16,25.72,9.06,100.0,134,17.36,78.45
MD9EMHDL23K217070,60.77,0.11,60.47,60.91,74,17.51,78.44
MD9EMHDL23K217071,67.65,18.25,41.08,100.0,104,28.49,77.17
MD9EMHDL23K217079,100.0,0.0,100.0,100.0,164,28.63,77.1
MD9EMHDL23K217080,80.55,0.0,80.54,80.55,111,17.5,78.34
MD9EMHDL23K217083,84.72,19.78,31.19,100.0,64,28.63,77.36
MD9EMHDL23K217084,69.69,26.66,11.56,100.0,167,17.5,78.42
MD9EMHDL23K217089,58.61,29.35,0.0,100.0,150,17.33,78.42
MD9EMHDL23K217094,68.55,35.09,1.48,100.0,156,28.66,77.13
MD9EMHDL23K217098,13.71,1.72,7.33,14.57,107,17.55,78.69
MD9EMHDL23K217100,98.79,0.0,98.79,98.79,4,28.84,77.13
MD9EMHDL23K217107,81.94,19.15,53.2,100.0,132,28.65,77.12
MD9EMHDL23K217119,77.88,16.97,48.86,100.0,147,28.62,77.12
MD9EMHDL23K217124,61.66,0.0,61.66,61.66,4,28.48,77.04
MD9EMHDL23K217142,81.17,22.01,25.42,100.0,154,28.58,77.18
MD9EMHDL23K217149,86.86,21.04,30.5,100.0,175,28.7,77.27
MD9EMHDL23K217150,87.44,23.52,8.26,100.0,172,28.73,77.19
MD9EMHDL23K217166,87.77,0.0,87.77,87.77,170,28.66,77.07
MD9EMHDL23K217167,85.51,21.2,9.56,100.0,178,28.64,77.07
MD9EMHDL23K217168,73.11,22.36,28.1,100.0,157,28.65,77.12
MD9EMHDL23K217180,84.28,23.51,0.0,100.0,145,12.99,80.12
MD9EMHDL23K217186,78.58,0.0,78.58,78.58,4,17.36,78.52
MD9EMHDL23K217191,79.09,25.78,0.04,100.0,168,28.65,77.1
MD9EMHDL23K217193,86.91,10.71,36.43,100.0,168,28.75,77.18
MD9EMHDL23K217194,123.77,541.11,7.78,7235.47,175,28.75,77.1
MD9EMHDL23K217200,67.49,25.91,14.03,100.0,131,13.05,80.25
MD9EMHDL23K217201,67.42,27.6,9.16,100.0,130,28.68,77.06
MD9EMHDL23K217202,82.56,14.42,38.24,97.99,141,28.56,77.24
MD9EMHDL23K217207,80.3,25.0,2.08,100.0,152,17.38,78.45
MD9EMHDL23K217208,83.72,20.92,15.89,100.0,179,28.61,77.45
MD9EMHDL23K217221,92.35,17.57,24.38,100.0,183,17.55,78.22
MD9EMHDL23K217222,87.03,15.38,35.26,100.0,138,17.36,78.45
MD9EMHDL23K217223,98.3,0.0,98.3,98.3,4,28.63,77.34
MD9EMHDL23K217225,74.39,15.18,60.73,99.19,121,12.86,79.99
MD9EMHDL23K217226,64.35,22.62,7.3,100.0,74,28.56,77.26
MD9EMHDL23K217232,74.92,18.84,26.42,100.0,149,28.6,77.31
MD9EMHDL23K217234,75.82,0.0,75.82,75.82,4,28.52,77.27
MD9EMHDL23K217241,79.51,23.89,16.68,100.0,192,28.54,77.11
MD9EMHDL23K217244,100.0,0.0,100.0,100.0,130,17.38,78.47
MD9EMHDL23K217248,96.05,0.0,96.05,96.05,4,17.43,78.37
MD9EMHDL23K217258,85.92,11.4,61.53,100.0,143,17.19,78.64
MD9EMHDL23K217259,67.25,24.4,32.61,100.0,113,28.49,77.01
MD9EMHDL23K217260,98.41,4.3,86.28,100.0,100,17.48,78.35
MD9EMHDL23K217277,84.73,21.52,4.98,100.0,180,28.64,77.42
MD9EMHDL23K217286,84.33,20.18,6.62,100.0,150,28.41,77.1
MD9EMHDL23K217290,78.07,23.31,29.43,100.0,162,28.48,77.28
MD9EMHDL23K217291,81.54,13.69,50.7,94.97,113,12.84,77.6
MD9EMHDL23K217299,100.0,0.0,100.0,100.0,128,28.54,77.04
MD9EMHDL23K217302,77.94,22.62,8.12,100.0,151,28.42,76.94
MD9EMHDL23K217304,70.44,29.64,0.81,100.0,71,28.59,77.32
MD9EMHDL23L217023,54.17,12.16,29.62,82.27,117,17.32,78.54
MD9EMHDL23L217052,87.75,18.28,34.07,100.0,191,28.67,77.26
MD9EMHDL23L217057,69.77,23.22,26.75,100.0,152,22.8,75.9
MD9EMHDL23L217061,82.54,19.23,27.57,100.0,169,28.62,77.18
MD9EMHDL23L217062,77.04,24.5,2.6,100.0,183,28.65,77.25
MD9EMHDL23L217065,100.0,0.0,100.0,100.0,4,28.72,77.16
MD9EMHDL23L217075,99.55,0.0,99.55,99.55,156,28.61,77.31
MD9EMHDL23L217081,62.8,24.92,20.09,100.0,157,28.7,77.23
MD9EMHDL23L217085,86.32,0.0,86.32,86.32,4,28.68,77.05
MD9EMHDL23L217091,84.87,21.06,34.06,100.0,172,28.69,77.09
MD9EMHDL23L217095,112.36,377.34,38.37,3505.99,83,28.63,77.18
MD9EMHDL23L217100,86.79,18.21,18.96,100.0,158,28.64,77.31
MD9EMHDL23L217107,82.21,20.76,10.23,100.0,156,28.6,77.27
MD9EMHDL23L217108,100.0,0.0,100.0,100.0,138,28.68,77.05
MD9EMHDL23L217113,59.85,21.33,31.66,100.0,139,28.62,77.12
MD9EMHDL23L217116,79.7,24.74,15.2,100.0,176,28.6,77.09
MD9EMHDL23L217117,100.0,0.0,100.0,100.0,4,28.74,77.11
MD9EMHDL23L217121,83.32,18.95,42.61,100.0,156,28.7,77.25
MD9EMHDL23L217127,89.94,18.13,23.48,100.0,165,28.68,77.08
MD9EMHDL23L217128,83.89,24.73,14.31,100.0,172,28.63,77.04
MD9EMHDL23L217139,74.54,26.87,4.07,100.0,165,28.72,77.17
MD9EMHDL23L217145,90.58,16.42,33.89,100.71,168,28.69,77.1
MD9EMHDL23L217146,81.61,0.0,81.61,81.61,4,28.39,77.06
MD9EMHDL23L217147,92.67,13.77,33.47,100.0,157,28.77,77.14
MD9EMHDL23L217149,81.69,24.38,12.01,100.0,160,28.61,77.12
MD9EMHDL23L217151,41.83,24.42,3.52,100.0,134,28.75,77.13
MD9EMHDL23L217158,87.55,18.56,24.0,100.0,167,28.42,77.3
MD9EMHDL23L217160,90.36,15.36,46.35,100.0,142,28.64,77.03
MD9EMHDL23L217165,73.31,14.5,33.43,100.0,192,28.35,77.33
MD9EMHDL23L217167,91.63,14.9,20.12,100.0,185,28.6,77.01
MD9EMHDL23L217174,67.0,32.22,0.0,100.0,168,28.63,77.15
MD9EMHDL23L217178,82.53,14.54,54.59,100.0,138,28.61,77.34
MD9EMHDL23L217183,92.8,13.52,50.34,100.0,134,28.72,77.25
MD9EMHDL23L217186,39.99,10.3,11.69,69.89,122,28.64,77.02
MD9EMHDL23L217199,86.21,21.17,13.47,100.0,168,28.63,77.03
MD9EMHDL23L217203,87.25,20.47,25.79,100.0,114,28.67,77.1
MD9EMHDL23L217208,63.47,20.88,7.69,100.0,158,17.42,78.42
MD9EMHDL23L217214,83.69,0.0,83.69,83.69,174,28.56,77.44
MD9EMHDL23M217010,56.1,17.32,29.35,92.85,124,12.84,77.68
MD9EMHDL23M217014,32.57,9.33,19.48,54.37,44,28.52,77.29
MD9EMHDL23M217016,80.03,15.69,47.77,100.0,143,17.19,78.64
MD9EMHDL23M217019,77.52,19.47,30.56,100.0,135,12.99,80.13
MD9EMHDL23M217022,97.9,6.58,74.69,100.0,116,17.48,78.46
MD9EMHDL23M217028,50.71,33.07,0.0,100.0,137,28.55,77.41
MD9EMHDL23M217029,94.07,10.74,56.07,100.0,133,17.45,78.51
MD9EMHDL23M217043,91.4,0.0,91.4,91.4,4,17.76,76.12
MD9EMHDL23M217049,67.45,18.82,36.49,100.0,133,17.45,78.5
MD9EMHDL23M217059,91.61,14.98,15.42,100.0,171,28.54,77.44
MD9EMHDL23M217060,78.67,6.89,68.3,93.57,188,12.52,76.89
MD9EMHDL23M217070,75.55,24.59,7.72,100.0,170,28.41,76.95
MD9EMHDL23M217078,66.23,15.05,40.27,94.59,120,13.1,77.6
MD9EMHDL23M217083,73.26,18.53,44.09,100.0,150,28.71,77.06
MD9EMHDL23M217094,70.34,27.87,12.94,100.0,153,28.65,77.18
MD9EMHDL23M217095,77.95,19.88,30.01,100.0,139,28.68,77.27
MD9EMHDL23M217097,85.7,0.0,85.7,85.7,4,17.18,78.65
MD9EMHDL23M217098,85.45,18.4,32.81,100.0,143,28.65,77.27
MD9EMHDL23M217100,91.32,13.08,53.18,100.0,122,16.28,80.44
MD9EMHDL23M217101,72.63,24.38,9.9,100.0,156,16.43,80.6
MD9EMHDL23M217102,100.0,0.0,100.0,100.0,108,28.71,77.27
MD9EMHDL23M217103,52.11,27.07,13.27,100.0,121,17.35,78.49
MD9EMHDL23M217105,82.96,24.46,5.77,100.0,177,28.68,77.15
MD9EMHDL23M217109,67.37,0.0,67.37,67.37,4,28.65,77.09
MD9EMHDL23M217111,88.13,16.46,37.27,100.0,152,28.66,77.14
MD9EMHDL23M217112,76.23,23.58,14.55,100.0,160,12.96,77.56
MD9EMHDL23M217115,78.79,18.38,54.79,100.0,106,28.76,77.09
MD9EMHDL23M217119,87.54,16.64,34.55,100.0,135,28.7,77.11
MD9EMHDL23M217120,76.86,0.0,76.86,76.86,4,15.46,80.04
MD9EMHDL23M217125,70.73,0.0,70.73,70.73,4,14.46,79.99
MD9EMHDL23M217126,84.39,18.63,36.39,100.0,140,28.57,77.44
MD9EMHDL23M217129,81.2,19.31,15.41,100.0,163,28.58,77.06
MD9EMHDL23M217144,94.52,8.28,59.19,100.0,163,28.68,77.1
MD9EMHDL23M217149,93.0,11.39,38.06,99.23,130,28.63,77.02
MD9EMHDL23M217150,54.28,0.0,54.28,54.28,4,28.47,77.02
MD9EMHDL23M217154,85.85,23.8,1.23,100.0,168,28.53,77.41
MD9EMHDL23M217158,66.61,28.07,11.5,100.0,156,28.68,77.11
MD9EMHDL23M217159,84.91,18.63,27.83,100.0,162,28.61,77.44
MD9EMHDL23M217160,76.24,20.33,21.99,100.0,143,28.48,77.16
MD9EMHDL23M217161,90.79,15.73,48.04,100.0,175,28.64,77.07
MD9EMHDL23M217163,72.85,24.96,35.37,100.0,121,28.75,77.27
MD9EMHDL23M217168,87.71,20.39,1.74,100.0,170,28.6,77.0
MD9EMHDL23M217169,98.2,4.68,72.32,100.0,136,28.69,76.96
MD9EMHDL23M217176,72.89,21.37,40.21,100.0,149,28.68,77.11
MD9EMHDL23M217179,83.88,19.41,32.04,100.0,171,28.63,77.07
MD9EMHDL23M217182,79.95,22.58,23.88,100.0,182,28.54,77.3
MD9EMHDL23M217191,53.58,23.29,28.6,100.0,131,28.62,77.02
MD9EMHDL23M217192,99.86,0.0,99.86,99.86,4,28.62,77.0
MD9EMHDL23M217194,71.86,24.07,16.08,100.0,175,28.56,77.28
MD9EMHDL23M217195,99.98,0.03,99.92,100.0,111,28.61,77.07
MD9EMHDL23M217196,56.15,26.51,0.08,99.48,69,28.58,77.13
MD9EMHDL23M217197,56.69,32.49,0.0,100.0,139,28.66,77.11
MD9EMHDL23M217198,89.12,14.35,58.89,100.0,124,28.69,77.06
MD9EMHDL23M217201,77.09,22.87,9.08,100.0,169,28.54,77.23
MD9EMHDL23M217202,72.63,0.0,72.63,72.63,4,28.68,77.06
MD9EMHDL23M217210,88.0,15.54,45.92,100.0,179,28.62,77.04
MD9EMHDL23M217211,100.0,0.0,100.0,100.0,93,28.64,77.11
MD9EMHDL23M217212,83.98,19.52,24.45,100.0,154,28.63,77.19
MD9EMHDL23M217213,74.43,34.13,2.13,100.0,177,28.65,77.07
MD9EMHDL23M217215,79.33,21.13,10.51,100.0,169,1.68,0.0
MD9EMHDL23M217217,84.99,20.37,26.52,100.0,148,28.79,77.13
MD9EMHDL23M217220,100.0,0.0,100.0,100.0,4,28.56,77.18
MD9EMHDL23M217223,60.5,29.43,0.8,100.0,130,28.64,77.04
MD9EMHDL23M217226,60.81,31.66,13.03,100.0,126,28.68,77.21
MD9EMHDL23M217228,81.61,21.18,4.66,99.79,137,28.57,77.28
MD9EMHDL23M217230,75.61,25.12,27.32,100.0,140,28.66,77.28
MD9EMHDL23M217234,55.21,24.1,23.68,100.0,152,28.72,77.13
MD9EMHDL23M217238,83.67,21.24,20.6,100.0,165,28.61,77.03
MD9EMHDL23M217244,90.22,12.4,53.24,100.0,157,28.6,77.41
MD9EMHDL23M217249,76.85,0.0,76.85,76.85,4,28.47,77.16
MD9EMHDL23M217252,91.36,18.29,22.43,100.0,191,28.63,77.13
MD9EMHDL23M217253,83.24,21.79,11.5,100.0,189,28.56,77.32
MD9EMHDL23M217254,78.28,0.0,78.28,78.28,4,28.68,77.07
MD9EMHDL23M217257,77.76,24.16,6.64,100.0,161,28.6,77.31
MD9EMHDL23M217260,68.19,27.06,20.3,100.0,149,28.69,77.18
MD9EMHDL23M217261,97.43,0.0,97.43,97.43,4,12.49,78.56
MD9EMHDL23M217263,75.68,24.21,5.23,100.0,166,28.57,77.13
MD9EMHDL23M217264,100.0,0.0,100.0,100.0,71,13.04,77.65
MD9EMHDL23M217271,78.81,21.35,7.14,100.0,137,12.99,80.17
MD9EMHDL23M217274,92.69,11.71,44.46,100.0,172,28.65,77.08
MD9EMHDL23M217275,81.67,11.38,60.42,100.0,131,12.91,77.62
MD9EMHDL23M217284,75.76,19.15,29.99,100.0,122,18.67,73.79
MD9EMHDL23M217287,77.3,23.59,13.05,100.0,183,28.62,77.13
MD9EMHDL23M217289,73.04,24.16,19.18,100.0,150,28.69,77.06
MD9EMHDL23M217294,83.05,22.72,6.91,100.0,171,28.61,77.37
MD9EMHDL23M217301,89.58,12.57,54.45,100.0,165,28.69,77.08
MD9EMHDL23M217302,82.72,19.73,16.85,100.0,162,28.47,77.04
MD9EMHDL23M217303,87.41,17.81,28.59,100.0,178,28.64,77.06
MD9EMHDL23M217306,80.12,24.99,5.37,100.0,156,28.68,77.16
MD9EMHDL23M217312,45.28,11.48,28.64,55.36,115,28.64,77.04
MD9EMHDL23M217313,85.35,23.71,3.89,100.0,130,28.57,77.07
MD9EMHDL24A217002,55.06,27.55,13.2,100.0,127,13.97,78.92
MD9EMHDL24A217003,100.0,0.0,100.0,100.0,4,28.7,77.0
MD9EMHDL24A217004,79.0,22.69,22.58,100.0,130,17.39,78.44
MD9EMHDL24A217005,86.19,19.29,10.99,100.0,122,13.06,80.14
MD9EMHDL24A217006,90.66,17.23,29.28,100.0,174,28.64,77.2
MD9EMHDL24A217007,34.35,0.0,34.35,34.35,4,12.98,80.13
MD9EMHDL24A217008,83.17,23.42,29.75,100.0,176,12.17,79.06
MD9EMHDL24A217009,88.99,15.41,50.87,100.0,160,28.63,77.14
MD9EMHDL24A217010,94.99,0.0,94.99,94.99,4,12.93,77.55
MD9EMHDL24A217014,68.24,30.38,4.38,100.0,162,28.68,77.17
MD9EMHDL24A217016,77.05,20.44,11.31,100.0,147,28.44,77.03
MD9EMHDL24A217020,91.51,17.03,13.26,100.0,150,28.53,77.28
MD9EMHDL24A217021,87.15,16.13,46.8,100.0,142,16.19,80.66
MD9EMHDL24A217022,69.59,23.11,25.31,100.0,156,28.84,77.09
MD9EMHDL24A217027,93.08,13.75,34.43,100.0,163,28.75,77.29
MD9EMHDL24A217030,81.94,16.27,36.23,100.0,145,28.6,77.38
MD9EMHDL24A217031,67.48,19.59,10.63,100.0,115,28.66,77.16
MD9EMHDL24A217034,49.84,0.0,49.84,49.84,4,11.95,78.42
MD9EMHDL24A217037,124.24,557.62,3.58,7235.71,165,28.53,77.28
MD9EMHDL24A217039,63.32,28.19,8.97,100.0,146,28.69,77.23
MD9EMHDL24A217041,70.51,28.21,0.0,100.0,166,28.73,77.1
MD9EMHDL24A217042,36.03,0.0,36.03,36.03,4,28.59,77.34
MD9EMHDL24A217048,90.61,0.0,90.61,90.61,4,28.71,77.15
MD9EMHDL24A217057,32.92,0.0,32.92,32.92,4,28.59,76.99
MD9EMHDL24A217061,100.0,0.0,100.0,100.0,4,12.94,78.88
MD9EMHDL24A217062,81.13,27.22,31.02,100.0,118,28.63,77.01
MD9EMHDL24A217063,83.44,26.61,1.96,100.0,190,28.71,77.23
MD9EMHDL24A217064,47.19,14.04,37.72,89.57,113,28.69,77.33
MD9EMHDL24A217075,81.31,15.3,55.07,100.0,129,27.05,81.83
MD9EMHDL24A217085,92.31,9.52,64.68,100.0,154,28.73,77.05
MD9EMHDL24A217092,100.0,0.0,100.0,100.0,4,14.81,79.83
MD9EMHDL24A217107,76.2,26.12,4.98,100.0,127,28.64,77.07
MD9EMHDL24A217109,82.24,20.01,25.23,100.0,189,11.0,76.95
MD9EMHDL24A217110,86.15,9.26,73.14,100.0,112,28.75,77.08
MD9EMHDL24A217115,92.34,13.27,56.97,100.0,120,13.01,77.59
MD9EMHDL24A217117,88.96,11.0,60.27,100.0,124,28.6,76.99
MD9EMHDL24A217119,95.62,9.38,59.04,100.0,161,28.53,77.28
MD9EMHDL24A217121,0.0,0.0,0.0,0.0,4,28.61,77.4
MD9EMHDL24A217127,70.92,0.0,70.92,70.92,155,28.6,77.08
MD9EMHDL24A217131,10.23,0.0,10.23,10.23,4,14.02,78.72
MD9EMHDL24A217135,78.05,24.83,23.35,100.0,151,28.5,77.07
MD9EMHDL24A217150,60.12,0.0,60.12,60.12,4,28.6,77.03
MD9EMHDL24A217164,84.44,20.14,22.18,100.0,137,28.6,77.44
MD9EMHDL24A217166,96.13,2.22,94.07,98.91,112,17.31,78.44
MD9EMHDL24A217175,71.15,16.71,31.66,100.0,123,17.31,78.44
MD9EMHDL24A217178,64.98,22.69,16.71,100.0,142,28.67,77.23
MD9EMHDL24A217180,75.22,27.9,5.28,100.0,172,28.54,77.2
MD9EMHDL24A217183,55.59,0.0,55.59,55.59,4,13.07,80.18
MD9EMHDL24A217184,82.26,17.24,47.09,100.0,147,28.64,77.08
MD9EMHDL24A217198,78.22,14.02,43.59,100.0,131,28.65,77.01
MD9EMHDL24A217207,81.31,20.09,6.34,100.0,148,28.61,77.29
MD9EMHDL24A217209,73.41,26.36,12.17,100.0,166,28.61,77.02
MD9EMHDL24A217211,76.32,22.11,30.14,100.0,174,28.73,77.08
MD9EMHDL24A217212,81.93,25.75,0.0,100.0,131,28.48,77.05
MD9EMHDL24A217213,88.46,18.28,21.71,100.0,155,28.62,77.32
MD9EMHDL24A217219,87.29,21.86,4.61,100.0,163,28.57,77.33
MD9EMHDL24A217220,97.48,4.7,87.98,100.0,121,28.59,77.04
MD9EMHDL24A217224,80.78,22.89,5.86,100.0,148,28.78,77.14
MD9EMHDL24A217225,83.73,10.86,58.33,98.62,115,28.49,77.13
MD9EMHDL24A217227,92.68,13.56,46.49,100.0,143,28.68,77.38
MD9EMHDL24A217229,48.97,0.0,48.97,48.97,4,28.55,77.25
MD9EMHDL24A217230,89.6,16.56,27.28,100.0,165,28.41,76.88
MD9EMHDL24A217233,82.58,22.19,24.65,100.0,177,28.64,77.2
MD9EMHDL24A217235,63.7,25.01,9.93,100.0,131,28.62,77.03
MD9EMHDL24A217237,69.29,25.86,26.9,100.0,152,28.52,77.3
MD9EMHDL24A217240,91.04,16.14,30.67,100.0,178,28.69,77.19
MD9EMHDL24A217242,91.97,11.78,41.44,100.0,150,28.75,77.1
MD9EMHDL24A217243,68.11,30.42,2.05,100.0,168,28.51,77.32
MD9EMHDL24A217245,77.8,24.79,12.89,100.0,168,28.51,77.26
MD9EMHDL24A217246,76.69,27.08,6.88,100.0,184,28.54,77.38
MD9EMHDL24A217250,60.09,23.25,30.82,100.0,135,28.7,77.22
MD9EMHDL24A217251,80.7,25.57,6.62,100.0,164,28.62,77.39
MD9EMHDL24A217252,97.36,6.04,73.23,100.0,118,28.59,77.09
MD9EMHDL24A217255,55.23,30.54,3.68,100.0,143,28.67,77.39
MD9EMHDL24A217256,76.21,22.85,22.0,100.0,166,28.66,77.05
MD9EMHDL24A217257,90.04,16.07,40.6,100.0,43,28.49,77.06
MD9EMHDL24A217259,75.62,24.01,15.05,100.0,162,28.62,77.09
MD9EMHDL24A217262,83.14,24.06,1.23,100.0,185,28.73,77.23
MD9EMHDL24A217264,81.7,24.0,10.41,100.0,171,28.55,77.44
MD9EMHDL24A217268,57.74,27.26,4.68,100.0,129,28.64,77.1
MD9EMHDL24A217270,83.04,16.95,42.72,100.0,139,28.53,77.28
MD9EMHDL24A217271,87.11,20.17,14.15,100.0,186,28.74,77.18
MD9EMHDL24A217274,88.23,18.53,21.37,100.0,163,28.59,77.1
MD9EMHDL24A217275,73.55,11.93,42.69,84.94,190,17.59,78.41
MD9EMHDL24A217277,82.61,20.76,8.86,100.0,156,28.51,77.32
MD9EMHDL24A217278,85.06,14.57,57.44,100.0,125,12.94,77.64
MD9EMHDL24A217281,76.74,25.55,4.74,100.0,164,28.64,77.38
MD9EMHDL24A217285,94.26,10.8,41.18,100.0,192,28.65,77.15
MD9EMHDL24A217288,75.93,23.7,26.98,100.0,142,28.67,77.09
MD9EMHDL24A217289,90.69,13.45,51.15,100.0,164,28.54,77.26
MD9EMHDL24A217291,82.77,0.0,82.77,82.77,4,28.6,76.99
MD9EMHDL24A217297,81.97,21.29,34.13,100.0,134,28.65,77.2
MD9EMHDL24A217298,84.01,15.7,39.96,100.0,148,28.53,77.29
MD9EMHDL24A217300,74.98,0.0,74.98,74.98,4,19.27,72.91
MD9EMHDL24A217303,82.39,21.46,24.87,100.0,173,28.67,77.22
MD9EMHDL24A217304,92.87,12.25,50.25,100.0,176,28.72,77.05
MD9EMHDL24A217306,60.1,22.94,16.12,99.77,130,28.68,77.12
MD9EMHDL24A217307,0.0,0.0,0.0,0.0,4,28.5,77.2
MD9EMHDL24A217312,92.31,8.26,67.38,100.0,128,17.47,78.36
MD9EMHDL24A217316,80.23,23.79,13.26,100.0,166,28.57,77.32
MD9EMHDL24A217319,77.86,22.37,3.48,100.0,176,28.57,77.25
MD9EMHDL24A217324,2.23,0.0,2.23,2.23,4,28.52,77.3
MD9EMHDL24A217336,82.61,23.77,13.94,100.0,172,28.69,77.1
MD9EMHDL24A217342,93.9,13.47,39.33,100.0,183,28.71,77.15
MD9EMHDL24A217352,82.98,20.74,14.64,100.0,176,28.68,77.25
MD9EMHDL24A217353,96.49,6.29,63.1,100.0,165,28.68,77.07
MD9EMHDL24A217357,73.73,28.23,14.15,100.0,131,14.85,79.42
MD9EMHDL24A217358,78.44,25.77,3.38,100.0,176,28.6,77.26
MD9EMHDL24A217376,95.24,10.67,37.17,100.0,112,28.66,77.07
MD9EMHDL24A217386,20.29,0.34,20.01,20.83,50,28.73,77.16
MD9EMHDL24A217389,86.33,24.28,13.7,100.0,131,28.63,77.11
MD9EMHDL24B217001,89.92,16.62,30.16,100.0,192,28.41,77.04
MD9EMHDL24B217004,90.47,17.4,27.31,100.0,115,19.29,73.08
MD9EMHDL24B217006,95.42,9.13,57.79,100.0,160,28.74,77.17
MD9EMHDL24B217014,87.36,22.01,11.48,100.0,150,28.73,77.18
MD9EMHDL24B217025,85.05,22.29,3.2,100.0,148,17.31,78.44
MD9EMHDL24B217032,83.59,12.77,64.81,100.83,134,14.92,80.0
MD9EMHDL24B217038,78.68,24.34,9.53,100.0,164,28.7,77.28
MD9EMHDL24B217046,63.75,30.3,9.64,100.0,156,28.67,77.09
MD9EMHDL24B217053,90.16,14.76,40.1,100.0,165,28.61,76.99
MD9EMHDL24B217054,68.29,0.0,68.29,68.29,4,28.67,77.17
MD9EMHDL24B217062,78.33,19.78,17.77,100.0,152,28.59,77.31
MD9EMHDL24B217067,77.06,24.91,5.14,100.0,147,14.94,79.34
MD9EMHDL24B217083,92.25,14.61,40.98,100.0,180,28.36,77.09
MD9EMHDL24B217107,58.54,15.58,27.19,90.84,121,28.66,77.15
MD9EMHDL24B217108,78.75,27.78,1.7,100.0,143,28.69,77.22
MD9EMHDL24B217110,67.55,20.74,18.34,100.0,151,28.63,77.08
MD9EMHDL24B217112,56.23,33.89,22.13,100.0,136,28.57,77.06
MD9EMHDL24B217115,82.1,23.57,24.06,100.0,140,28.63,77.01
MD9EMHDL24B217117,89.57,16.65,39.76,100.0,130,28.68,77.25
MD9EMHDL24B217121,76.92,31.59,11.18,100.0,138,28.67,77.24
MD9EMHDL24B217124,67.65,28.64,16.56,100.0,168,17.31,78.44
MD9EMHDL24B217125,85.8,21.45,18.57,100.0,170,28.65,77.26
MD9EMHDL24B217132,75.52,20.69,22.83,100.0,93,28.66,77.09
MD9EMHDL24B217135,76.83,22.67,11.62,100.0,180,28.64,77.06
MD9EMHDL24B217140,66.54,27.96,19.49,88.7,119,17.59,78.41
MD9EMHDL24B217144,85.52,20.81,24.01,100.0,178,28.63,77.11
MD9EMHDL24B217145,90.65,16.09,28.74,100.0,160,28.65,77.21
MD9EMHDL24B217149,82.9,17.43,30.83,100.0,157,28.42,76.95
MD9EMHDL24B217153,72.64,16.55,30.31,100.0,135,17.21,78.61
MD9EMHDL24B217155,53.73,32.25,1.1,100.0,155,28.64,77.26
MD9EMHDL24B217159,80.97,15.35,41.78,100.0,137,28.65,77.17
MD9EMHDL24B217161,85.05,17.58,43.0,100.0,166,28.64,77.11
MD9EMHDL24B217162,55.69,0.0,55.69,55.69,4,28.61,77.4
MD9EMHDL24B217164,71.13,17.17,36.46,98.32,122,28.74,77.22
MD9EMHDL24B217165,37.15,0.0,37.15,37.15,4,28.56,77.44
MD9EMHDL24B217166,78.72,25.74,14.31,100.0,175,28.66,77.27
MD9EMHDL24B217172,76.92,24.92,22.2,100.0,164,28.69,77.25
MD9EMHDL24B217173,82.21,20.39,19.03,100.0,141,28.63,77.1
MD9EMHDL24B217174,96.01,7.74,65.89,100.0,137,28.74,77.03
MD9EMHDL24B217190,72.74,15.68,25.93,100.0,170,28.48,77.31
MD9EMHDL24B217193,47.28,0.0,47.28,47.28,4,28.5,77.01
MD9EMHDL24B217194,97.66,0.0,97.66,97.66,4,28.52,77.27
MD9EMHDL24B217195,54.55,0.0,54.55,54.55,4,28.41,77.32
MD9EMHDL24B217201,73.11,29.68,5.39,99.99,168,28.63,77.13
MD9EMHDL24B217202,69.07,24.0,23.59,99.92,139,28.7,76.92
MD9EMHDL24B217213,83.82,17.43,30.08,100.0,161,28.69,77.11
MD9EMHDL24B217214,70.46,22.69,3.84,100.0,144,16.3,80.79
MD9EMHDL24B217226,84.01,12.06,63.95,100.0,126,16.53,80.63
MD9EMHDL24B217230,69.06,20.93,23.71,91.59,142,13.03,80.16
MD9EMHDL24B217234,51.92,33.94,9.49,100.0,125,17.59,78.41
MD9EMHDL24B217239,78.28,23.75,17.46,100.0,183,15.32,79.39
MD9EMHDL24B217241,76.78,14.89,58.1,100.0,134,17.36,78.44
MD9EMHDL24B217248,74.48,19.96,32.18,100.0,169,12.67,78.6
MD9EMHDL24B217253,64.73,17.66,42.79,99.73,127,28.65,77.09
MD9EMHDL24B217254,83.48,18.89,27.24,100.0,130,17.59,78.41
MD9EMHDL24B217255,87.2,19.0,28.11,100.0,168,28.6,77.07
MD9EMHDL24B217256,27.35,9.09,23.18,73.99,111,28.56,77.17
MD9EMHDL24B217269,85.31,6.1,70.57,100.0,117,28.51,77.08
MD9EMHDL24B217273,90.24,17.3,26.62,100.0,154,28.51,77.08
MD9EMHDL24B217275,92.5,12.98,40.95,100.0,155,28.54,77.08
MD9EMHDL24B217276,99.75,0.91,91.55,100.0,109,28.61,77.08
MD9EMHDL24B217280,82.42,24.53,1.86,100.0,185,28.68,77.13
MD9EMHDL24B217282,91.99,13.97,45.86,100.0,23,28.7,77.12
MD9EMHDL24B217285,59.72,28.49,22.25,78.11,6,28.81,77.1
MD9EMHDL24B217286,59.32,14.6,36.41,99.43,115,28.7,77.06
MD9EMHDL24B217290,72.13,23.17,1.84,98.46,129,17.57,78.41
MD9EMHDL24B217294,99.89,0.37,98.22,100.0,64,28.61,77.32
MD9EMHDL24B217300,73.16,27.05,4.34,100.0,160,28.63,77.03
MD9EMHDL24B217302,99.3,0.0,99.3,99.3,4,28.47,77.16
MD9EMHDL24B217307,84.14,19.13,31.36,100.0,132,28.62,77.38
MD9EMHDL24B217309,64.82,18.52,16.44,100.0,139,18.48,73.89
MD9EMHDL24B217315,70.08,25.04,16.68,100.0,167,28.65,77.36
MD9EMHDL24B217316,99.75,0.0,99.75,99.75,4,28.61,77.4
MD9EMHDL24B217318,78.9,24.94,12.09,100.0,191,28.53,77.1
MD9EMHDL24B217326,77.48,8.93,60.84,91.74,122,12.91,77.56
MD9EMHDL24B217327,88.58,9.54,80.52,100.0,189,28.63,77.08
MD9EMHDL24B217328,56.72,17.17,1.18,100.0,125,17.34,78.54
MD9EMHDL24B217330,23.13,0.0,23.13,23.13,4,28.55,77.06
MD9EMHDL24B217332,80.8,20.07,32.52,100.0,142,12.48,79.43
MD9EMHDL24B217336,79.75,21.43,25.76,100.0,153,28.65,77.18
MD9EMHDL24B217342,55.06,25.72,8.51,100.0,156,28.6,77.15
MD9EMHDL24B217343,78.65,24.39,7.46,100.0,129,28.48,77.15
MD9EMHDL24B217349,30.08,0.0,30.08,30.08,4,28.57,77.25
MD9EMHDL24B217357,13.58,0.0,13.58,13.58,4,13.13,80.04
MD9EMHDL24B217367,55.64,27.28,2.5,99.98,151,28.55,77.17
MD9EMHDL24B217369,100.0,0.0,100.0,100.0,4,28.66,77.04
MD9EMHDL24B217372,85.78,19.78,23.61,100.0,184,28.66,77.11
MD9EMHDL24B217373,4.0,0.0,4.0,4.0,4,28.75,77.11
MD9EMHDL24B217375,67.69,15.46,38.04,99.83,141,12.94,77.64
MD9EMHDL24B217377,56.11,22.74,14.89,100.0,126,28.62,77.0
MD9EMHDL24B217381,79.13,24.25,30.04,100.0,134,28.61,77.04
MD9EMHDL24B217386,74.56,25.07,9.3,100.0,100,28.73,77.12
MD9EMHDL24B217389,54.65,18.89,41.93,97.0,8,28.77,77.16
MD9EMHDL24B217391,89.28,18.16,22.52,100.0,141,28.57,77.28
MD9EMHDL24B217394,89.96,0.0,89.96,89.96,4,28.83,77.13
MD9EMHDL24B217400,50.68,16.98,18.48,94.54,160,28.62,77.17
MD9EMHDL24B217403,61.02,27.24,5.92,100.0,144,28.64,77.22
MD9EMHDL24B217405,70.14,21.14,22.86,99.8,159,28.46,77.03
MD9EMHDL24B217407,77.88,25.35,15.7,100.0,180,28.8,77.1
MD9EMHDL24B217410,89.81,15.07,35.09,100.0,189,13.07,80.13
MD9EMHDL24B217430,63.66,37.29,7.33,100.0,138,28.73,77.1
MD9EMHDL24B217434,81.18,25.47,0.0,100.0,161,28.64,77.13
MD9EMHDL24C217009,88.37,19.29,10.26,100.0,187,28.65,77.13
MD9EMHDL24C217011,82.13,15.74,34.46,100.0,155,17.21,78.63
MD9EMHDL24C217012,65.03,33.92,28.71,99.52,100,28.72,77.19
MD9EMHDL24C217015,74.86,26.03,42.52,98.95,6,28.6,77.32
MD9EMHDL24C217018,78.51,21.9,24.91,100.0,139,17.04,78.84
MD9EMHDL24C217019,89.39,9.13,45.82,100.0,124,28.6,76.99
MD9EMHDL24C217020,65.03,23.33,52.64,100.0,4,28.69,77.06
MD9EMHDL24C217025,79.99,13.02,53.67,100.0,12,28.64,77.19
MD9EMHDL24C217026,84.04,9.49,75.36,95.93,110,17.33,78.51
MD9EMHDL24C217030,80.63,0.0,80.63,80.63,4,28.78,77.06
MD9EMHDL24C217033,58.4,20.17,49.38,94.48,5,28.67,77.23
MD9EMHDL24C217035,83.56,24.42,17.03,100.0,183,28.62,77.09
MD9EMHDL24C217040,69.32,16.8,61.81,99.38,5,28.65,77.14
MD9EMHDL24C217045,59.16,28.22,10.29,100.0,151,28.7,77.28
MD9EMHDL24C217047,88.97,0.0,88.97,88.97,4,28.33,77.31
MD9EMHDL24C217049,99.5,0.0,99.5,99.5,4,28.63,77.32
MD9EMHDL24C217050,18.84,11.95,0.0,36.56,18,29.24,76.52
MD9EMHDL24C217052,23.31,0.0,23.31,23.31,4,28.63,77.19
MD9EMHDL24C217053,7.15,0.0,7.15,7.15,98,28.65,77.07
MD9EMHDL24C217054,82.65,20.06,22.82,99.81,170,28.5,77.24
MD9EMHDL24C217061,80.34,4.59,72.1,87.73,116,17.78,83.36
MD9EMHDL24C217113,80.1,22.09,29.91,100.0,163,28.77,77.17
MD9EMHDL24C217115,83.81,20.56,21.6,99.99,178,28.47,77.04
MD9EMHDL24C217119,75.22,20.84,27.5,99.99,166,28.75,76.79
MD9EMHDL24C217123,76.39,17.41,44.55,100.0,82,28.8,77.18
MD9EMHDL24C217124,69.36,25.09,4.0,100.0,107,28.69,77.21
MD9EMHDL24C217125,64.49,30.35,4.0,100.0,157,28.57,77.13
MD9EMHDL24C217126,81.94,28.55,10.84,100.0,99,28.6,77.29
MD9EMHDL24C217134,56.29,31.54,15.3,99.99,114,28.78,77.11
MD9EMHDL24C217135,85.94,22.52,23.0,100.0,154,28.54,77.28
MD9EMHDL24C217138,75.13,26.09,9.0,100.0,162,28.65,77.1
MD9EMHDL24C217143,71.36,31.94,7.0,100.0,134,28.24,77.37
MD9EMHDL24C217151,73.36,26.48,19.59,100.0,143,28.9,77.0
MD9EMHDL24C217153,72.2,13.82,53.99,94.49,123,28.56,77.37
MD9EMHDL24C217154,80.82,20.87,23.33,100.0,163,28.62,77.3
MD9EMHDL24C217162,58.39,31.2,10.81,100.0,135,28.63,77.36
MD9EMHDL24C217167,77.67,22.1,28.21,99.77,109,28.55,77.22
MD9EMHDL24C217169,75.62,24.82,19.26,100.0,158,28.67,77.21
MD9EMHDL24C217170,73.81,25.27,11.0,100.0,150,28.69,77.18
MD9EMHDL24C217178,73.27,0.32,72.7,73.41,5,28.59,77.23
MD9EMHDL24C217183,55.31,15.95,35.68,67.09,8,28.53,77.37
MD9EMHDL24C217186,88.87,17.4,19.54,100.0,182,28.7,77.07
MD9EMHDL24C217191,78.25,28.04,0.0,100.0,186,28.59,77.3
MD9EMHDL24C217207,60.07,0.0,60.07,60.07,4,28.52,77.17
MD9EMHDL24C217214,75.64,21.41,9.53,100.0,147,28.48,77.3
MD9EMHDL24C217221,90.69,13.39,52.29,100.0,174,28.49,77.05
MD9EMHDL24C217226,99.78,0.27,99.28,100.0,98,28.76,77.07
MD9EMHDL24C217227,71.59,27.03,21.26,98.69,10,28.73,77.08
MD9EMHDL24C217228,65.99,26.65,16.51,100.0,157,28.45,76.96
MD9EMHDL24C217230,79.66,0.0,79.66,79.66,4,28.79,77.24
MD9EMHDL24C217235,78.68,23.67,8.89,100.0,158,28.6,76.82
MD9EMHDL24C217243,36.03,24.84,10.39,73.06,6,28.75,77.09
MD9EMHDL24C217245,59.82,1.87,58.51,63.12,5,28.61,77.0
MD9EMHDL24C217264,58.73,32.79,0.43,100.0,150,28.66,77.13
MD9EMHDL24C217273,87.94,21.16,14.05,99.11,129,28.64,77.12
MD9EMHDL24C217275,91.14,12.95,37.91,100.0,117,28.52,77.31
MD9EMHDL24C217277,99.26,0.01,99.25,99.27,63,28.62,77.33
MD9EMHDL24C217281,92.21,15.48,30.39,100.0,49,28.53,77.27
MD9EMHDL24C217288,83.34,20.43,20.76,100.0,167,28.54,77.26
MD9EMHDL24C217299,58.11,30.24,27.69,100.0,9,28.71,77.05
MD9EMHDL24D217005,98.42,1.9,94.73,99.66,6,28.68,77.29
MD9EMHDL24D217009,60.59,21.82,25.78,100.0,150,28.72,77.2
MD9EMHDL24D217013,64.59,0.0,64.59,64.59,4,28.64,77.08
MD9EMHDL24D217014,71.43,18.37,44.47,94.36,14,28.75,77.03
MD9EMHDL24D217015,82.81,21.55,23.77,100.0,169,28.69,77.18
MD9EMHDL24D217019,91.18,14.64,44.8,100.0,157,28.67,77.25
MD9EMHDL24D217033,86.5,14.76,38.94,100.0,170,28.64,77.27
MD9EMHDL24D217042,97.46,0.0,97.46,97.46,4,28.63,77.03
MD9EMHDL24D217043,67.05,18.69,13.15,99.99,156,28.58,77.36
MD9EMHDL24D217044,65.41,31.36,3.14,100.0,126,28.68,77.11
MD9EMHDL24D217046,67.45,34.31,0.0,100.0,162,595.85,77.04
MD9EMHDL24D217047,82.78,25.86,2.9,100.0,129,28.62,76.91
MD9EMHDL24D217048,70.83,24.26,17.4,100.0,93,28.6,77.39
MD9EMHDL24D217049,72.84,28.82,0.0,99.99,168,28.58,77.33
MD9EMHDL24D217050,58.23,38.85,0.0,99.87,44,28.59,76.97
MD9EMHDL24D217067,91.19,0.0,91.19,91.19,4,28.72,77.17
MD9EMHDL24D217082,85.48,19.43,25.87,100.0,174,13.13,80.22
MD9EMHDL24D217113,81.02,5.55,64.88,98.15,116,13.01,77.51
MD9EMHDL24D217114,84.63,17.91,27.29,100.0,151,28.55,77.27
MD9EMHDL24D217117,81.93,17.73,27.72,99.98,154,28.63,77.07
MD9EMHDL24D217121,92.09,0.0,92.09,92.09,4,28.62,77.4
MD9EMHDL24D217130,85.37,16.65,43.2,100.0,146,16.56,81.24
MD9EMHDL24D217131,51.76,0.0,51.76,51.76,4,28.66,77.37
MD9EMHDL24D217133,81.33,21.61,22.0,100.0,165,28.69,77.17
MD9EMHDL24D217136,76.2,24.71,7.45,100.0,166,28.68,77.15
MD9EMHDL24D217137,74.11,23.03,18.0,100.0,145,28.61,76.77
MD9EMHDL24D217138,65.91,35.51,0.0,100.0,153,28.53,77.03
MD9EMHDL24D217139,65.8,20.23,18.6,97.06,141,28.54,77.26
MD9EMHDL24D217140,99.39,0.0,99.39,99.39,117,28.45,77.27
MD9EMHDL24D217141,76.43,13.31,55.59,89.99,18,,
MD9EMHDL24D217142,72.29,0.0,72.29,72.29,4,28.66,77.11
MD9EMHDL24D217144,76.69,21.38,14.74,99.99,145,28.69,77.06
MD9EMHDL24D217145,74.01,27.34,12.0,100.0,146,28.54,77.24
MD9EMHDL24D217151,64.0,0.0,64.0,64.0,4,28.67,77.23
MD9EMHDL24D217152,66.7,32.36,3.0,100.0,20,28.49,77.01
MD9EMHDL24D217154,73.91,28.46,3.59,99.99,168,28.63,7036.22
MD9EMHDL24D217155,74.7,24.2,7.61,98.38,106,29.12,76.75
MD9EMHDL24D217156,72.76,25.41,10.23,100.0,83,28.59,77.37
MD9EMHDL24D217157,99.44,1.48,95.31,99.97,142,28.61,77.12
MD9EMHDL24D217159,20.0,0.0,20.0,20.0,4,28.68,77.15
MD9EMHDL24D217161,60.76,28.44,3.49,99.99,156,28.55,77.41
MD9EMHDL24D217162,5.7,0.0,5.7,5.7,104,28.63,77.35
MD9EMHDL24D217165,63.3,24.52,6.58,99.98,156,28.82,76.35
MD9EMHDL24D217168,83.46,19.08,23.0,100.0,148,28.51,77.09
MD9EMHDL24D217173,86.64,16.23,37.79,100.0,156,828.64,76.99
MD9EMHDL24D217175,75.13,27.33,14.35,100.0,156,28.69,77.3
MD9EMHDL24D217177,95.45,0.0,95.45,95.45,101,28.47,77.06
MD9EMHDL24D217179,66.86,31.56,1.22,100.0,186,28.66,77.38
MD9EMHDL24D217182,77.95,28.91,0.0,99.91,147,28.53,77.29
MD9EMHDL24D217184,93.32,14.64,42.71,100.0,88,28.65,77.36
MD9EMHDL24D217185,82.65,19.69,20.83,100.0,154,,
MD9EMHDL24D217187,94.75,5.95,72.19,100.0,159,11.43,77.56
MD9EMHDL24D217195,73.09,16.48,39.12,100.0,136,13.1,79.94
MD9EMHDL24D217205,90.91,12.96,26.34,100.0,128,13.64,79.5
MD9EMHDL24D217210,99.92,0.0,99.92,99.92,4,13.08,80.2
MD9EMHDL24D217240,93.82,9.58,67.9,100.0,171,14.84,79.85
MD9EMHDL24D217264,28.39,0.0,28.39,28.39,4,28.71,77.07
MD9EMHDL24D217265,93.6,11.75,37.99,100.0,172,28.66,77.05
MD9EMHDL24D217268,76.0,27.69,6.65,100.0,177,28.71,77.09
MD9EMHDL24D217274,93.02,12.23,49.05,100.0,127,26.45,92.01
MD9EMHDL24D217281,70.03,32.48,0.0,100.0,174,28.62,77.09
MD9EMHDL24D217282,79.51,29.16,3.68,100.0,127,28.62,77.38
MD9EMHDL24D217284,96.94,5.05,76.17,100.0,141,28.75,77.13
MD9EMHDL24D217286,46.4,9.82,31.89,78.38,105,28.63,77.15
MD9EMHDL24D217288,65.27,34.34,0.0,100.0,157,28.66,77.06
MD9EMHDL24D217289,59.86,32.94,12.37,100.0,152,22.81,75.84
MD9EMHDL24D217294,68.7,11.75,57.2,96.97,11,28.57,77.26
MD9EMHDL24D217302,70.88,26.3,2.95,100.0,149,28.66,77.28
MD9EMHDL24D217303,0.0,0.0,0.0,0.0,4,28.52,77.3
MD9EMHDL24D217308,78.16,15.97,43.94,100.0,145,28.65,77.11
MD9EMHDL24D217310,88.9,0.0,88.9,88.9,132,28.59,77.02
MD9EMHDL24D217311,79.62,11.02,67.84,88.83,7,28.67,77.03
MD9EMHDL24D217314,81.79,24.78,4.25,100.0,184,28.72,77.18
MD9EMHDL24D217319,72.57,21.99,43.2,100.0,74,28.69,77.07
MD9EMHDL24D217320,83.91,22.07,10.51,100.0,177,28.72,77.18
MD9EMHDL24D217324,71.75,14.54,31.55,100.0,149,17.19,78.65
MD9EMHDL24D217326,54.78,15.98,35.39,77.42,8,28.63,77.28
MD9EMHDL24D217328,45.81,9.11,36.19,59.58,8,28.55,77.1
MD9EMHDL24D217331,71.4,21.83,16.8,100.0,150,28.7,77.14
MD9EMHDL24D217334,79.36,26.28,33.68,100.0,122,28.54,77.14
MD9EMHDL24D217335,70.94,26.69,5.51,100.0,159,28.56,77.21
MD9EMHDL24D217336,51.68,0.0,51.68,51.68,4,28.64,77.0
MD9EMHDL24D217340,88.96,9.56,68.59,100.0,152,17.19,78.64
MD9EMHDL24D217341,91.6,13.32,34.42,100.0,107,28.41,76.89
MD9EMHDL24D217344,81.05,23.76,5.76,100.0,147,28.65,77.1
MD9EMHDL24D217358,80.29,24.44,5.75,99.99,181,28.63,77.16
MD9EMHDL24D217363,74.33,27.76,2.78,100.0,186,28.7,77.17
MD9EMHDL24D217372,79.38,23.72,6.64,100.0,177,28.73,77.15
MD9EMHDL24D217374,83.31,20.13,18.72,100.0,171,28.59,77.11
MD9EMHDL24D217377,90.52,13.44,49.09,100.0,177,12.84,78.93
MD9EMHDL24D217378,70.03,37.57,0.29,100.0,171,28.45,77.13
MD9EMHDL24D217382,83.4,20.52,30.82,100.0,147,17.39,78.45
MD9EMHDL24D217387,47.18,15.49,4.64,57.61,109,12.47,79.86
MD9EMHDL24D217408,68.24,29.09,16.54,100.0,134,12.99,77.57
MD9EMHDL24D217409,80.74,15.95,33.23,93.57,137,28.67,77.18
MD9EMHDL24D217415,76.82,20.82,28.35,100.0,146,12.92,77.67
MD9EMHDL24D217426,74.39,21.45,21.25,100.0,123,12.9,77.57
MD9EMHDL24D217429,79.6,26.27,2.52,100.0,161,28.64,77.3
MD9EMHDL24D217436,78.39,26.63,10.14,100.0,156,28.66,77.27
MD9EMHDL24D217437,87.19,14.93,21.25,100.0,138,28.64,77.46
MD9EMHDL24D217445,87.01,18.0,27.91,100.0,175,28.41,76.99
MD9EMHDL24D217449,68.01,0.0,68.01,68.01,4,28.63,77.35
MD9EMHDL24D217452,72.01,30.53,1.51,98.61,127,17.32,78.54
MD9EMHDL24D217454,97.17,0.16,96.92,97.38,103,28.49,77.35
MD9EMHDL24D217457,31.13,0.0,31.13,31.13,4,13.06,80.19
MD9EMHDL24D217459,91.7,14.8,31.96,100.0,154,28.52,77.23
MD9EMHDL24E217012,94.69,0.0,94.69,94.69,4,28.58,77.08
MD9EMHDL24E217026,69.46,15.94,33.34,98.1,118,14.17,79.84
MD9EMHDL24E217027,69.65,24.02,20.75,100.0,103,28.64,77.36
MD9EMHDL24E217028,86.73,17.48,26.52,100.0,178,28.48,77.3
MD9EMHDL24E217050,87.95,17.29,30.66,100.0,155,28.52,77.18
MD9EMHDL24E217055,79.01,20.28,38.41,100.0,126,28.57,77.17
MD9EMHDL24E217063,80.18,22.22,30.48,100.0,147,28.65,77.22
MD9EMHDL24E217085,83.75,23.49,14.66,100.0,181,28.7,77.1
MD9EMHDL24E217096,89.4,11.08,50.48,99.87,126,28.54,77.27
MD9EMHDL24E217099,23.59,19.53,1.01,60.29,6,28.54,77.07
MD9EMHDL24E217104,78.78,25.39,0.42,100.0,160,28.63,77.29
MD9EMHDL24E217115,80.66,23.06,10.59,100.0,167,28.7,77.1
MD9EMHDL24E217119,61.27,0.0,61.27,61.27,4,28.69,77.18
MD9EMHDL24E217125,75.91,26.22,16.78,100.0,171,28.73,77.14
MD9EMHDL24E217126,81.96,23.61,14.22,100.0,170,28.45,77.11
MD9EMHDL24E217127,89.13,21.05,30.13,100.0,138,13.12,80.28
MD9EMHDL24E217129,76.54,27.23,2.32,100.0,178,28.66,77.13
MD9EMHDL24E217131,93.19,11.56,35.56,100.0,189,28.63,77.33
MD9EMHDL24E217134,99.69,0.43,99.22,100.0,5,28.64,77.33
MD9EMHDL24E217136,79.72,24.06,12.31,100.0,146,28.72,77.1
MD9EMHDL24E217145,66.67,3.51,62.21,70.2,5,28.86,77.12
MD9EMHDL24E217147,45.1,37.05,0.61,100.0,129,28.48,77.16
MD9EMHDL24E217148,63.7,26.6,26.3,100.0,132,13.01,77.5
MD9EMHDL24E217149,70.3,26.77,0.12,100.0,171,28.6,77.27
MD9EMHDL24E217150,82.16,16.95,19.94,100.0,143,28.71,77.17
MD9EMHDL24E217158,85.57,22.13,4.94,100.0,180,28.71,77.18
MD9EMHDL24E217162,77.92,20.8,32.72,100.0,129,17.34,78.33
MD9EMHDL24E217163,100.0,0.0,100.0,100.0,4,28.61,77.4
MD9EMHDL24E217164,80.33,21.86,17.06,100.0,132,15.44,78.47
MD9EMHDL24E217166,86.26,0.0,86.26,86.26,169,17.48,78.42
MD9EMHDL24E217168,67.37,0.0,67.37,67.37,4,28.76,77.28
MD9EMHDL24E217169,64.34,4.39,59.36,68.55,108,28.62,77.16
MD9EMHDL24E217172,79.63,16.21,31.92,100.0,145,17.4,78.59
MD9EMHDL24E217176,82.38,22.89,19.48,99.91,184,28.63,77.23
MD9EMHDL24E217177,85.05,15.09,49.07,100.0,135,13.12,80.28
MD9EMHDL24E217178,80.64,24.36,12.0,100.0,180,28.72,77.0
MD9EMHDL24E217181,68.76,0.0,68.76,68.76,4,28.71,77.03
MD9EMHDL24E217183,84.22,21.44,31.57,100.0,157,28.6,77.3
MD9EMHDL24E217185,90.07,10.59,66.62,100.0,154,13.12,80.28
MD9EMHDL24E217187,92.79,15.46,29.5,100.0,146,28.6,77.06
MD9EMHDL24E217190,66.22,28.5,13.07,100.0,163,28.64,77.16
MD9EMHDL24E217195,86.02,18.82,30.83,100.0,178,28.65,77.1
MD9EMHDL24E217201,78.63,14.9,54.18,96.23,67,28.62,77.39
MD9EMHDL24E217210,82.43,31.23,26.56,96.4,5,28.58,77.1
MD9EMHDL24E217212,63.47,4.09,60.48,67.96,5,28.73,77.08
MD9EMHDL24E217213,100.0,0.0,100.0,100.0,4,12.8,77.68
MD9EMHDL24E217215,81.88,16.84,32.39,100.0,139,28.68,77.04
MD9EMHDL24E217220,73.38,18.53,24.93,98.98,126,12.93,77.63
MD9EMHDL24E217227,68.16,33.19,4.73,100.0,173,28.64,77.26
MD9EMHDL24E217228,89.93,11.72,57.35,100.0,168,17.57,78.36
MD9EMHDL24E217229,57.88,26.41,0.0,97.64,149,12.89,77.63
MD9EMHDL24E217232,74.39,23.14,37.77,100.0,116,12.89,77.62
MD9EMHDL24E217239,89.51,18.43,27.12,100.0,119,17.43,78.5
MD9EMHDL24E217240,87.52,19.11,26.19,100.0,145,28.59,77.25
MD9EMHDL24E217241,94.5,0.0,94.5,94.5,4,28.76,77.05
MD9EMHDL24E217244,92.06,14.38,37.05,100.0,133,12.99,80.24
MD9EMHDL24E217259,81.51,23.85,27.73,100.0,15,28.66,77.42
MD9EMHDL24E217262,85.93,23.22,7.5,100.0,184,28.64,77.14
MD9EMHDL24E217269,71.67,31.27,6.18,100.0,159,28.6,77.26
MD9EMHDL24E217274,49.7,24.89,30.11,99.55,6,28.66,77.15
MD9EMHDL24E217278,56.87,26.98,19.27,100.0,151,28.63,77.12
MD9EMHDL24E217282,61.65,35.51,0.74,100.0,173,28.6,77.37
MD9EMHDL24E217291,99.39,0.05,99.31,99.45,103,28.71,77.26
MD9EMHDL24E217293,63.52,39.0,25.68,100.0,8,28.63,77.1
MD9EMHDL24E217294,74.53,25.54,9.33,100.0,117,28.71,77.1
MD9EMHDL24E217298,86.28,0.0,86.28,86.28,4,28.67,77.22
MD9EMHDL24E217308,82.98,22.9,7.61,100.0,189,28.66,77.34
MD9EMHDL24E217321,93.29,14.67,28.3,100.0,113,28.34,77.33
MD9EMHDL24E217323,79.16,20.02,13.91,100.0,101,28.73,77.17
MD9EMHDL24E217324,45.64,0.0,45.64,45.64,7,28.66,77.06
MD9EMHDL24E217333,76.37,14.27,49.9,100.0,84,13.52,80.02
MD9EMHDL24E217334,60.77,0.0,60.77,60.77,124,28.62,77.1
MD9EMHDL24E217340,95.0,0.0,95.0,95.0,138,28.62,77.33
MD9EMHDL24E217341,86.7,21.91,0.4,100.0,149,28.68,77.37
MD9EMHDL24E217342,61.35,0.0,61.35,61.35,110,28.59,77.31
MD9EMHDL24E217343,91.6,14.51,46.14,100.0,126,28.72,77.28
MD9EMHDL24E217344,84.32,14.91,46.64,99.95,138,28.66,77.13
MD9EMHDL24E217350,87.12,17.68,32.11,100.0,163,28.63,4030.99
MD9EMHDL24E217351,81.4,19.67,27.79,100.0,146,29.17,76.69
MD9EMHDL24E217355,79.3,25.22,8.4,100.0,154,28.64,77.34
MD9EMHDL24E217356,81.09,17.51,18.96,100.0,62,28.68,76.99
MD9EMHDL24E217358,16.23,0.0,16.23,16.23,141,28.63,77.32
MD9EMHDL24E217359,89.07,16.51,27.54,100.0,183,28.51,77.15
MD9EMHDL24E217360,82.21,21.95,8.09,100.0,139,28.91,76.84
MD9EMHDL24E217364,99.41,0.12,99.17,100.0,111,28.53,2323.24
MD9EMHDL24E217365,44.78,13.64,14.07,82.53,124,13.04,77.52
MD9EMHDL24F217003,85.15,22.71,20.57,100.0,144,28.65,77.07
MD9EMHDL24F217012,82.8,24.58,0.28,100.0,115,29.15,76.69
MD9EMHDL24F217019,76.92,21.31,15.82,100.0,140,28.92,76.86
MD9EMHDL24F217026,51.73,21.94,30.14,100.0,123,17.6,78.31
MD9EMHDL24F217027,60.91,27.73,9.1,100.0,120,12.89,77.64
MD9EMHDL24F217029,85.95,21.13,32.72,99.84,107,29.33,76.35
MD9EMHDL24F217046,50.05,0.0,50.05,50.05,162,28.92,77.04
MD9EMHDL24F217047,83.04,0.0,83.04,83.04,92,28.66,77.34
MD9EMHDL24F217053,82.97,19.34,27.72,98.15,126,28.51,77.19
MD9EMHDL24F217058,78.48,25.34,7.31,100.0,156,28.73,77.0
MD9EMHDL24F217059,64.64,27.8,11.39,100.0,149,28.78,77.05
MD9EMHDL24F217075,100.0,0.01,99.95,100.0,114,28.72,77.32
MD9EMHDL24F217076,38.65,0.23,38.22,38.85,47,14.46,79.99
MD9EMHDL24F217087,89.82,16.9,22.57,100.0,155,28.61,77.33
MD9EMHDL24F217088,80.76,24.75,10.33,100.0,154,28.43,76.91
MD9EMHDL24F217093,3.45,0.0,3.45,3.45,4,28.64,77.04
MD9EMHDL24F217095,57.52,0.0,57.52,57.52,121,28.68,77.04
MD9EMHDL24F217098,39.13,0.0,39.13,39.13,144,28.64,77.14
MD9EMHDL24F217099,88.95,0.0,88.95,88.95,4,28.47,77.01
MD9EMHDL24F217100,77.03,24.46,17.22,100.0,173,28.7,77.07
MD9EMHDL24F217103,84.67,19.17,27.88,100.0,103,28.6,1349.49
MD9EMHDL24F217104,77.59,24.84,8.14,100.0,170,28.55,77.15
MD9EMHDL24F217107,74.81,25.53,9.1,100.0,165,28.67,77.23
MD9EMHDL24F217108,77.45,24.74,12.94,100.0,140,17.5,78.4
MD9EMHDL24F217113,69.49,7.23,59.67,75.23,97,12.94,77.62
MD9EMHDL24F217116,91.35,17.9,3.0,100.0,123,28.63,77.0
MD9EMHDL24F217118,69.07,29.55,1.69,100.0,100,28.52,77.23
MD9EMHDL24F217125,79.08,20.02,20.29,100.0,148,28.63,77.16
MD9EMHDL24F217127,52.44,0.0,52.44,52.44,135,28.68,76.99
MD9EMHDL24F217133,97.43,0.0,97.43,97.43,143,28.53,77.29
MD9EMHDL24F217137,82.72,21.89,15.02,100.0,159,924.78,77.2
MD9EMHDL24F217146,62.39,26.56,16.31,100.0,141,28.43,76.95
MD9EMHDL24F217147,40.06,0.0,40.06,40.06,159,28.5,77.09
MD9EMHDL24F217148,80.55,23.17,11.49,100.0,156,28.6,77.37
MD9EMHDL24F217155,87.49,20.33,11.17,100.0,162,28.6,77.48
MD9EMHDL24F217156,56.5,38.78,0.0,100.0,192,28.68,77.29
MD9EMHDL24F217157,83.02,15.49,46.26,100.0,88,28.53,77.41
MD9EMHDL24F217165,65.4,29.52,7.64,100.0,147,28.63,77.33
MD9EMHDL24F217168,85.78,19.26,26.88,100.0,142,28.4,77.07
MD9EMHDL24F217178,49.15,22.38,5.19,99.89,126,13.14,80.23
MD9EMHDL24F217180,79.82,22.89,14.15,100.0,150,28.61,77.33
MD9EMHDL24F217181,67.37,25.13,21.56,100.0,136,28.71,77.22
MD9EMHDL24F217189,74.57,25.57,7.62,100.0,164,28.47,77.18
MD9EMHDL24F217192,74.0,26.46,3.42,100.0,179,28.43,77.3
MD9EMHDL24F217194,79.35,24.02,16.88,100.0,156,2144.42,77.19
MD9EMHDL24F217200,84.97,16.13,21.66,100.0,126,28.74,77.18
MD9EMHDL24F217201,90.97,12.57,58.76,100.0,125,28.67,77.19
MD9EMHDL24F217202,85.44,22.27,10.85,100.0,180,28.56,77.37
MD9EMHDL24F217205,93.32,0.0,93.32,93.32,159,28.69,77.18
MD9EMHDL24F217206,94.96,0.0,94.96,94.96,4,28.55,77.35
MD9EMHDL24F217207,87.18,21.84,4.96,100.0,192,28.68,77.35
MD9EMHDL24F217208,73.68,24.58,29.73,100.0,126,28.62,77.31
MD9EMHDL24F217213,78.77,24.89,15.45,100.0,170,28.53,77.18
MD9EMHDL24F217215,67.78,28.03,13.58,100.0,153,28.69,77.08
MD9EMHDL24F217219,80.39,27.55,4.73,100.0,153,28.61,77.14
MD9EMHDL24F217223,69.07,10.0,57.73,80.37,111,12.85,80.04
MD9EMHDL24F217226,83.12,18.07,23.54,100.0,158,28.49,77.28
MD9EMHDL24F217228,69.13,26.01,14.38,100.0,191,28.46,77.08
MD9EMHDL24F217240,86.8,21.8,9.15,100.0,177,28.7,76.99
MD9EMHDL24F217246,100.0,0.0,100.0,100.0,4,28.65,77.03
MD9EMHDL24F217250,80.53,24.07,27.02,100.0,186,28.66,77.07
MD9EMHDL24F217253,82.67,0.0,82.67,82.67,4,14.33,79.85
MD9EMHDL24F217256,77.93,28.46,2.34,100.0,188,28.6,77.37
MD9EMHDL24F217263,51.25,0.0,51.25,51.25,180,28.62,77.08
MD9EMHDL24F217264,82.44,22.94,11.32,99.45,126,28.68,77.3
MD9EMHDL24F217270,76.15,25.59,7.79,100.0,147,28.59,77.16
MD9EMHDL24F217273,80.75,16.73,41.0,100.0,132,28.64,77.41
MD9EMHDL24F217274,72.9,27.0,11.08,100.0,173,28.6,77.11
MD9EMHDL24F217275,60.83,34.51,1.31,99.86,136,28.57,77.46
MD9EMHDL24F217278,68.03,29.84,2.82,100.0,192,28.67,77.1
MD9EMHDL24F217280,77.5,23.82,23.15,99.99,191,28.49,77.33
MD9EMHDL24F217281,66.15,30.14,7.17,99.99,152,28.68,77.04
MD9EMHDL24F217284,91.51,17.8,19.7,100.0,124,28.64,77.15
MD9EMHDL24F217286,59.49,3.88,54.59,62.58,7,28.54,77.31
MD9EMHDL24F217287,80.2,22.37,29.4,100.0,153,28.7,77.09
MD9EMHDL24F217288,75.31,32.06,0.0,99.99,178,28.68,77.1
MD9EMHDL24F217290,69.56,29.44,0.0,100.0,184,28.62,77.08
MD9EMHDL24F217304,82.77,21.0,42.27,100.0,128,28.65,77.09
MD9EMHDL24F217306,65.25,28.45,0.03,100.0,175,28.65,77.09
MD9EMHDL24F217307,87.27,19.09,31.42,100.0,128,28.6,77.38
MD9EMHDL24F217308,65.87,0.0,65.87,65.87,4,28.7,77.12
MD9EMHDL24F217309,86.91,20.02,25.87,100.0,168,28.67,77.23
MD9EMHDL24F217317,80.08,25.25,8.37,100.0,163,28.69,77.27
MD9EMHDL24F217318,80.92,26.12,4.05,100.0,155,28.72,77.12
MD9EMHDL24F217320,69.61,29.11,2.86,100.0,137,28.64,77.39
MD9EMHDL24F217323,92.05,16.25,17.08,100.0,155,13.05,79.88
MD9EMHDL24F217333,79.99,16.97,33.03,100.0,151,28.61,77.12
MD9EMHDL24F217336,63.6,11.42,48.8,91.77,24,28.59,77.19
MD9EMHDL24F217337,85.74,17.15,54.07,100.0,141,28.75,77.1
MD9EMHDL24F217338,62.52,20.2,6.76,97.22,191,28.61,77.13
MD9EMHDL24F217361,81.13,23.22,9.79,100.0,169,28.63,77.13
MD9EMHDL24F217366,84.32,21.07,17.19,100.0,146,28.71,77.15
MD9EMHDL24F217377,79.16,16.09,50.37,99.92,191,28.67,77.18
MD9EMHDL24G217001,92.8,0.0,92.8,92.8,4,28.48,77.3
MD9EMHDL24G217002,76.48,18.79,38.49,99.99,123,28.68,77.19
MD9EMHDL24G217003,83.37,21.68,23.9,100.0,138,28.69,77.23
MD9EMHDL24G217004,67.22,23.24,25.01,99.8,118,28.69,77.09
MD9EMHDL24G217005,99.0,0.0,99.0,99.0,4,28.7,77.07
MD9EMHDL24G217008,70.64,22.24,6.14,100.0,184,28.53,77.25
MD9EMHDL24G217015,70.33,28.74,2.06,99.76,183,28.65,77.08
MD9EMHDL24G217017,66.2,20.19,34.9,99.99,121,28.67,77.03
MD9EMHDL24G217018,71.15,18.12,30.86,99.87,46,28.57,77.35
MD9EMHDL24G217021,72.03,19.2,38.93,99.92,48,28.63,77.12
MD9EMHDL24G217022,74.66,24.08,28.71,99.7,124,17.49,78.37
MD9EMHDL24G217026,78.12,22.98,33.8,99.99,151,28.74,77.2
MD9EMHDL24G217036,90.91,15.55,34.28,100.0,123,28.75,77.29
MD9EMHDL24G217037,77.51,25.96,17.3,99.98,167,28.7,77.2
MD9EMHDL24G217046,62.58,28.02,16.0,100.0,141,28.61,77.37
MD9EMHDL24G217048,85.06,18.33,36.34,99.6,112,17.48,78.5
MD9EMHDL24G217055,74.71,25.34,13.5,99.99,188,28.62,77.03
MD9EMHDL24G217056,85.73,15.85,45.84,100.0,154,28.65,77.1
MD9EMHDL24G217060,66.52,14.38,35.42,98.64,119,28.64,77.12
MD9EMHDL24G217083,87.67,19.46,19.24,100.0,78,28.7,77.08
MD9EMHDL24G217084,56.96,27.33,14.46,99.99,145,12.97,80.23
MD9EMHDL24G217090,64.06,23.48,4.59,100.0,148,28.84,77.1
MD9EMHDL24G217109,62.72,34.47,0.0,100.0,176,28.72,77.16
MD9EMHDL24G217132,72.82,16.45,36.59,88.39,132,17.33,78.44
MD9EMHDL24G217134,80.33,22.71,14.3,100.0,160,28.48,77.27
MD9EMHDL24G217144,77.53,28.28,36.7,99.99,121,28.6,77.04
MD9EMHDL24G217152,73.93,19.94,25.86,99.98,137,16.48,32189.89
MD9EMHDL24G217159,57.36,19.19,22.64,99.61,134,28.45,2952.11
MD9EMHDL24G217166,98.22,0.92,96.4,99.0,102,17.47,78.3
MD9EMHDL24G217168,91.73,9.55,62.39,99.99,137,17.33,78.54
MD9EMHDL24G217170,75.47,20.24,34.5,99.99,138,28.55,77.32
MD9EMHDL24G217178,96.03,3.48,78.91,100.0,91,28.49,77.23
MD9EMHDL24G217194,65.56,27.44,0.13,100.0,97,28.66,77.23
MD9EMHDL24G217196,75.79,26.33,1.8,100.0,155,28.51,4595.3
MD9EMHDL24G217197,58.08,12.85,49.0,98.13,191,28.61,77.35
MD9EMHDL24G217198,80.14,25.09,0.61,100.0,191,28.68,77.29
MD9EMHDL24G217199,78.67,24.02,13.35,100.0,176,28.54,77.29
MD9EMHDL24G217210,93.22,0.92,91.2,94.86,191,28.61,77.41
MD9EMHDL24G217213,80.39,26.55,5.26,100.0,186,28.37,77.3
MD9EMHDL24G217215,84.45,20.16,17.5,100.0,138,13.11,80.13
MD9EMHDL24H217003,83.34,19.62,43.26,100.0,123,16.27,80.44
MD9EMHDL24H217011,74.19,25.24,14.06,100.0,111,28.59,77.36
MD9EMHDL24H217012,78.01,26.94,13.42,100.0,187,28.69,77.1
MD9EMHDL24H217013,70.51,24.41,3.43,100.0,103,28.72,77.26
MD9EMHDL24H217017,53.69,22.4,3.85,99.79,114,28.5,77.29
MD9EMHDL24H217020,84.03,21.72,12.55,100.0,133,28.46,77.03
MD9EMHDL24H217024,58.63,10.91,40.45,72.97,13,28.75,77.16
MD9EMHDL24H217028,65.61,27.28,7.84,100.0,57,12.63,80.06
MD9EMHDL24H217029,87.49,16.4,39.22,100.0,156,28.71,77.01
MD9EMHDL24H217032,96.4,0.0,96.4,96.4,4,28.36,77.3
MD9EMHDL24H217033,83.34,24.37,11.1,100.0,190,28.45,77.29
MD9EMHDL24H217043,72.66,29.0,5.4,99.99,163,28.72,77.18
MD9EMHDL24H217056,62.65,28.11,13.42,100.0,118,28.52,77.05
MD9EMHDL24H217081,67.41,0.0,67.41,67.41,4,13.04,77.52
MD9EMHDL24H217083,78.58,23.32,19.45,100.0,180,28.51,77.19
MD9EMHDL24H217088,97.29,0.0,97.29,97.29,4,28.54,77.03
MD9EMHDL24H217091,69.93,30.49,0.0,100.0,174,28.62,77.1
MD9EMHDL24H217095,71.9,24.62,18.57,99.83,191,28.54,77.32
MD9EMHDL24H217099,60.9,32.95,1.81,97.0,141,28.81,77.12
MD9EMHDL24H217108,85.53,16.71,33.33,99.94,191,28.63,77.05
MD9EMHDL24H217111,77.69,18.67,41.97,100.0,133,28.61,77.29
MD9EMHDL24H217116,68.85,28.14,13.06,100.0,150,28.66,77.13
MD9EMHDL24H217120,76.59,23.86,26.16,100.0,137,28.67,77.14
MD9EMHDL24H217139,61.87,21.5,15.64,100.0,164,13.1,80.2
MD9EMHDL24H217167,88.22,6.3,60.38,96.85,67,17.06,78.65
MD9EMHDL24H217177,85.95,19.52,14.82,100.0,116,13.13,80.17
MD9EMHDL24H217182,99.33,2.45,82.23,100.0,118,28.61,77.32
MD9EMHDL24H217208,44.41,0.0,44.41,44.41,4,17.57,78.51
MD9EMHDL24H217213,80.31,25.93,6.83,100.0,135,28.56,77.27
MD9EMHDL24H217219,69.08,29.88,10.16,100.0,123,28.51,77.3
MD9EMHDL24H217225,78.98,23.17,18.43,100.0,143,28.61,77.3
MD9EMHDL24H217229,83.17,16.99,41.75,97.61,121,28.65,77.32
MD9EMHDL24H217237,70.4,22.07,9.17,100.0,191,28.63,77.12
MD9EMHDL24H217238,67.2,24.96,16.89,100.0,189,28.66,77.18
MD9EMHDL24H217245,65.54,30.95,7.98,100.0,143,28.59,77.1
MD9EMHDL24J217005,98.56,3.14,88.18,99.76,110,28.61,77.15
MD9EMHDL24J217007,76.49,26.78,8.83,100.0,160,28.72,77.16
MD9EMHDL24J217018,85.92,23.34,7.35,100.0,133,28.68,77.07
MD9EMHDL24J217026,88.15,30.57,3.43,100.0,105,28.71,77.3
MD9EMHDL24J217031,81.07,21.16,14.72,100.0,141,28.52,77.28
MD9EMHDL24J217032,87.7,16.26,26.71,100.0,153,28.61,77.39
MD9EMHDL24J217033,83.94,20.14,23.29,100.0,166,12.92,80.18
MD9EMHDL24J217038,71.73,28.88,4.65,100.0,144,28.62,77.28
MD9EMHDL24J217039,75.63,26.3,3.1,100.0,170,28.71,77.17
MD9EMHDL24J217040,84.37,24.16,6.49,100.0,138,28.64,77.07
MD9EMHDL24J217041,94.51,4.55,89.32,100.0,108,28.62,77.31
MD9EMHDL24J217042,86.06,21.21,6.09,100.0,189,28.65,77.38
MD9EMHDL24J217044,75.33,29.13,11.68,100.0,149,28.7,77.09
MD9EMHDL24J217052,79.68,21.74,19.59,100.0,159,28.59,77.38
MD9EMHDL24J217057,81.52,25.14,12.26,100.0,124,28.61,77.36
MD9EMHDL24J217064,64.63,30.5,3.88,100.0,143,28.54,77.21
MD9EMHDL24J217071,86.85,17.6,49.5,100.0,149,28.63,77.29
MD9EMHDL24J217078,68.92,26.14,5.54,100.0,93,28.57,77.11
MD9EMHDL24J217079,82.49,22.27,23.44,100.0,138,28.67,77.42
MD9EMHDL24J217080,73.32,25.63,5.82,100.0,121,28.67,77.34
MD9EMHDL24J217081,83.8,23.4,5.91,100.0,154,28.59,77.35
MD9EMHDL24J217110,52.23,28.06,2.0,100.0,155,28.52,77.19
MD9EMHDL24J217124,82.36,18.88,38.71,100.0,157,28.66,77.06
MD9EMHDL24J217131,74.98,29.63,5.64,100.0,161,28.45,77.29
MD9EMHDL24J217140,78.25,22.96,6.74,100.0,126,28.41,76.92
MD9EMHDL24J217143,63.61,21.11,26.24,100.0,145,28.61,77.07
MD9EMHDL24J217151,81.6,20.49,27.87,100.0,132,28.68,77.26
MD9EMHDL24J217156,74.86,27.24,8.09,100.0,118,28.68,77.34
MD9EMHDL24J217160,83.35,24.13,12.38,100.0,120,28.7,77.06
MD9EMHDL24J217166,68.74,23.51,22.47,100.0,157,28.65,77.41
MD9EMHDL24J217167,83.89,19.43,25.01,100.0,171,28.62,77.44
MD9EMHDL24J217168,73.99,23.9,24.96,100.0,90,28.7,8230.61
MD9EMHDL24J217178,83.14,20.57,30.0,100.0,135,28.66,77.38
MD9EMHDL24J217179,93.44,14.18,30.3,100.0,119,28.62,77.3
MD9EMHDL24J217188,71.47,26.67,20.1,100.0,142,28.54,77.29
MD9EMHDL24J217190,79.87,25.52,3.62,100.0,142,28.67,77.38
MD9EMHDL24J217191,70.55,30.63,5.67,100.0,150,28.64,77.36
MD9EMHDL24J217197,82.68,18.31,29.59,100.0,162,28.66,77.16
MD9EMHDL24J217199,73.07,25.2,28.07,100.0,146,28.69,77.1
MD9EMHDL24J217200,79.09,23.95,11.02,100.0,159,28.46,76.88
MD9EMHDL24J217206,67.12,25.45,16.68,100.0,120,28.73,76.94
MD9EMHDL24J217208,80.57,19.0,16.71,100.0,96,28.73,77.07
MD9EMHDL24J217219,86.91,20.8,3.22,100.0,135,28.58,77.25
MD9EMHDL24J217221,81.56,23.91,9.38,100.0,149,28.65,77.19
MD9EMHDL24J217226,87.55,18.43,29.48,100.0,158,755.66,77.07
MD9EMHDL24J217227,79.88,26.23,22.65,100.0,135,1145.4,77.32
MD9EMHDL24J217231,73.5,26.1,12.84,100.0,70,28.58,77.36
MD9EMHDL24J217232,85.59,20.71,21.55,100.0,151,28.63,77.33
MD9EMHDL24J217233,87.34,18.15,22.06,100.0,153,28.61,77.37
MD9EMHDL24J217234,54.05,0.47,52.68,54.32,104,28.49,77.29
MD9EMHDL24J217242,87.69,21.01,5.26,100.0,157,28.62,77.13
MD9EMHDL24J217253,74.41,25.48,4.51,100.0,173,28.7,77.15
MD9EMHDL24K217054,54.71,24.61,5.49,99.36,137,12.91,80.19
MD9EMHDL24K217061,76.35,26.78,9.97,99.99,159,28.65,77.06
MD9EMHDL24K217065,76.38,25.11,15.0,100.0,135,28.64,77.36
MD9EMHDL24K217072,78.16,30.09,3.65,100.0,186,28.61,77.34
MD9EMHDL24K217080,62.42,34.79,7.0,100.0,145,28.31,77.24
MD9EMHDL24K217089,76.27,28.74,7.33,100.0,162,28.51,77.34
MD9EMHDL24K217092,79.76,20.55,14.93,100.0,156,28.58,77.31
MD9EMHDL24K217098,68.39,15.87,43.99,99.99,146,28.68,77.17
MD9EMHDL24K217102,73.2,25.05,6.09,100.0,139,28.69,77.1
MD9EMHDL24K217122,93.96,11.48,36.26,100.0,125,28.68,77.35
MD9EMHDL24K217135,85.02,21.88,8.4,100.0,153,28.79,77.13
MD9EMHDL24K217136,75.49,22.47,11.98,99.95,137,28.64,77.21
MD9EMHDL24K217145,86.09,20.67,18.59,100.0,154,28.62,77.38
MD9EMHDL24K217153,77.68,27.44,10.56,100.0,127,28.6,1201.95
MD9EMHDL24K217154,80.75,13.77,51.16,100.0,154,215.39,77.13
MD9EMHDL24K217171,65.45,26.93,4.46,98.92,141,28.63,77.29
MD9EMHDL24K217173,87.12,24.54,6.0,100.0,125,28.44,77.11
MD9EMHDL24K217178,68.59,29.45,4.38,100.0,144,28.71,77.39
MD9EMHDL24K217194,75.58,26.38,15.5,100.0,164,28.59,77.3
MD9EMHDL24K217197,81.65,21.87,14.47,99.99,148,28.51,77.19
MD9EMHDL24K217204,66.26,32.1,8.66,100.0,131,28.63,77.11
MD9EMHDL24K217211,71.1,21.83,13.65,99.94,163,28.54,77.23
MD9EMHDL24K217213,66.81,27.52,7.63,100.0,141,28.61,77.15
MD9EMHDL24K217219,64.5,30.68,2.68,99.53,184,28.64,77.06
MD9EMHDL24K217226,85.06,20.73,11.7,100.0,150,28.6,77.33
MD9EMHDL24K217233,75.24,27.18,13.27,100.0,138,28.61,77.12
MD9EMHDL24K217239,76.4,28.09,3.83,99.99,140,28.62,77.33
MD9EMHDL24K217269,61.34,0.61,60.0,62.0,112,28.51,77.29
MD9EMHDL24K217299,76.72,23.92,18.0,100.0,170,28.62,77.1
